cnt,msgCnt,gpsSecond,latitude,longitude,elevation,latError,lonError,speedMS2,speedMPH,heading,fwdAccel,latAccess,vertAccel,yawRate
1220,68,39670,40.72571848,-74.53724575,47.2,0.05,0.05,0,38.277,264.07,-0.02,-0.29,-0.1,-1.45
1221,69,39890,40.72571643,-74.53727292,47.4,0.05,0.05,0,38.775,264.06,-0.28,-0.02,1.01,-2.33
1222,70,40180,40.72571365,-74.53730911,47.5,0.05,0.05,0,38.803,263.92,-0.03,-0.05,0.26,-2.11
1223,71,40460,40.72571064,-74.53734555,47.7,0.05,0.05,0,38.867,263.68,-0.13,-0.09,0.02,-2.23
1224,72,40750,40.72570752,-74.53738231,47.9,0.05,0.05,0,38.944,263.47,-0.31,-0.46,-0.16,-2
1225,73,41040,40.72570425,-74.5374192,48.1,0.05,0.05,0,39.384,263.24,0,-0.14,-0.13,-1.97
1226,74,41330,40.72570086,-74.53745626,48.3,0.05,0.05,0,39.685,263.12,-0.17,0.24,-0.43,-1.97
1227,75,41620,40.72569739,-74.53749367,48.4,0.05,0.05,0,39.741,262.92,0.25,0.28,-0.52,-2.07
1228,76,41900,40.72569389,-74.5375311,48.6,0.05,0.05,0,40.147,262.86,-0.49,-0.1,0.05,-1.88
1229,77,42190,40.7256903,-74.53756865,48.8,0.05,0.05,0,40.046,262.73,0.18,0.27,0.55,-2.13
1230,78,42480,40.72568665,-74.53760615,49,0.05,0.05,0,39.882,262.57,-0.06,-0.03,0.56,-1.51
1231,79,42700,40.72568384,-74.53763424,49.1,0.05,0.05,0,40.002,262.52,0.41,0.01,0.57,-2.15
1232,80,42910,40.72568113,-74.53766221,49.2,0.05,0.05,0,39.528,262.49,-0.07,0.12,0.12,-1.84
1233,81,43200,40.72567734,-74.53769946,49.4,0.05,0.05,0,39.532,262.41,0.2,-0.03,0.1,-2.12
1234,82,43490,40.72567353,-74.53773639,49.6,0.05,0.05,0,39.224,262.32,-0.49,-0.39,0.27,-1.64
1235,83,43780,40.72566963,-74.53777316,49.8,0.05,0.05,0,39.357,262.18,1.14,0.34,-0.15,-1.77
1236,84,44060,40.72566579,-74.53780953,50,0.05,0.05,0,38.686,262.24,0.17,-0.22,1.18,-1.45
1237,85,44350,40.72566199,-74.53784515,50.1,0.05,0.05,0,37.665,262.16,-0.31,0.58,1,-1.5
1238,86,44570,40.72565924,-74.53787132,50.3,0.05,0.05,0,36.729,262.1,0.09,0.26,0.89,-1.81
1239,87,44780,40.7256566,-74.53789687,50.4,0.05,0.05,0,36.012,262.22,0.08,-0.07,0.59,-0.97
1240,88,45000,40.72565404,-74.53792192,50.5,0.05,0.05,0,35.399,262.29,-0.37,0.24,0.04,-1.9
1241,89,45290,40.72565063,-74.53795469,50.7,0.05,0.05,0,34.398,262.2,0.04,0.04,-0.04,-1.54
1242,90,45500,40.72564802,-74.53797875,50.8,0.05,0.05,0,33.962,262.14,-0.17,0.19,-0.18,-1.82
1243,91,45720,40.72564545,-74.53800253,50.9,0.05,0.05,0,33.593,262.07,0.13,-0.11,0.04,-1.72
1244,92,45940,40.72564293,-74.53802599,51,0.05,0.05,0,33.291,261.96,-0.08,-0.01,-0.07,-1.83
1245,93,46220,40.72563949,-74.53805685,51.2,0.05,0.05,0,32.781,261.78,0.01,-0.12,-0.08,-1.64
1246,94,46440,40.7256369,-74.53807975,51.2,0.05,0.05,0,32.504,261.65,0.06,0.16,-0.04,-1.83
1247,95,46660,40.72563436,-74.5381026,51.3,0.05,0.05,0,32.54,261.55,-0.03,-0.02,-0.48,-1.88
1248,96,46870,40.72563176,-74.53812549,51.4,0.05,0.05,0,32.721,261.46,0.07,-0.05,-0.22,-2.01
1249,97,47160,40.72562814,-74.53815634,51.5,0.05,0.05,0,33.204,261.31,-0.36,-0.26,-0.63,-2.13
1250,98,47450,40.72562443,-74.53818783,51.6,0.05,0.05,0,34.098,261.17,-0.02,-0.16,-0.49,-1.86
1251,99,47660,40.72562151,-74.53821198,51.7,0.05,0.05,0,34.631,261.03,-0.23,-0.09,-0.14,-1.98
1252,100,47880,40.7256185,-74.53823643,51.7,0.05,0.05,0,35.157,260.87,0.17,0.31,0.19,-1.85
1253,101,48100,40.72561545,-74.53826106,51.8,0.05,0.05,0,35.281,260.71,0.01,-0.01,0.01,-1.88
1254,102,48380,40.72561119,-74.5382943,51.9,0.05,0.05,0,35.766,260.49,-0.27,-0.04,-0.28,-1.69
1255,103,48600,40.725608,-74.53831938,51.9,0.05,0.05,0,35.98,260.36,0.05,-0.12,0.14,-2.01
1256,104,48820,40.72560469,-74.53834471,51.9,0.05,0.05,0,36.344,260.36,0.06,-0.08,0.16,-1.75
1257,105,49030,40.72560139,-74.53837025,52,0.05,0.05,0,36.62,260.41,-0.08,-0.01,-0.1,-1.84
1258,106,49320,40.72559693,-74.53840465,52,0.05,0.05,0,36.991,260.45,-0.08,0.18,0.05,-1.84
1259,107,49610,40.7255924,-74.53843947,52.1,0.05,0.05,0,37.563,260.47,0.13,0.23,-0.14,-1.58
1260,108,49820,40.72558901,-74.53846592,52.1,0.05,0.05,0,37.992,260.47,-0.07,-0.22,-0.05,-1.84
1261,109,50040,40.7255856,-74.53849269,52.1,0.05,0.05,0,38.519,260.43,-0.1,-0.14,-0.19,-2.08
1262,110,50330,40.72558098,-74.53852898,52.1,0.05,0.05,0,39.358,260.46,0.11,-0.03,-0.03,-1.74
1263,111,50540,40.72557746,-74.53855673,52.1,0.05,0.05,0,39.981,260.48,-0.03,0.06,-0.23,-2.11
1264,112,50760,40.7255739,-74.53858491,52.1,0.05,0.05,0,40.608,260.45,-0.14,-0.1,-0.04,-1.68
1265,113,50980,40.72557022,-74.5386136,52,0.05,0.05,0,41.277,260.34,0.12,0.07,-0.14,-1.9
1266,114,51260,40.72556513,-74.53865247,52,0.05,0.05,0,42.181,260.22,-0.07,-0.04,-0.24,-1.97
1267,115,51480,40.72556115,-74.53868215,51.9,0.05,0.05,0,42.857,260.12,0.17,0,0.3,-1.95
1268,116,51770,40.72555587,-74.53872251,51.9,0.05,0.05,0,43.704,260,0.04,-0.13,-0.18,-1.98
1269,117,51980,40.72555164,-74.53875332,51.8,0.05,0.05,0,44.325,259.84,0.07,-0.08,-0.12,-1.9
1270,118,52270,40.72554586,-74.53879508,51.7,0.05,0.05,0,45.18,259.54,0.03,0.14,0.16,-1.6
1271,119,52560,40.72553976,-74.53883749,51.6,0.05,0.05,0,45.782,259.19,0.13,0.24,0.67,-1.78
1272,120,52850,40.72553357,-74.53888021,51.5,0.05,0.05,0,46.011,258.96,0.18,0.15,0.67,-1.71
1273,121,53060,40.72552876,-74.53891214,51.5,0.05,0.05,0,45.723,258.67,-0.06,-0.07,0.18,-1.54
1274,122,53350,40.72552213,-74.53895468,51.4,0.05,0.05,0,45.751,258.15,0.12,-0.08,0.57,-1.89
1275,123,53570,40.72551682,-74.53898641,51.3,0.05,0.05,0,45.571,257.66,-0.22,0.1,0.31,-0.08
1276,124,53860,40.72550955,-74.53902885,51.2,0.05,0.05,0,45.051,256.87,0.77,-0.38,-0.55,-2.29
1277,125,54070,40.72550381,-74.5390604,51.1,0.05,0.05,0,46.086,256.23,0.27,-0.16,0.2,-1.61
1278,126,54360,40.72549572,-74.53910243,51,0.05,0.05,0,45.805,255.12,0.53,-0.39,0.19,-1.59
1279,127,54650,40.72548703,-74.53914401,50.9,0.05,0.05,0,45.665,254.04,-0.23,-0.43,0.74,-2.41
1280,0,54940,40.7254777,-74.53918559,50.9,0.05,0.05,0,45.677,252.9,0.42,0.32,0.2,-2.22
1281,1,55220,40.72546766,-74.53922688,50.8,0.05,0.05,0,45.697,251.76,0.41,-0.38,0.15,-2.45
1282,2,55510,40.72545696,-74.53926799,50.7,0.05,0.05,0,45.77,250.59,-0.27,-0.26,0.33,-2.97
1283,3,55730,40.72544841,-74.53929877,50.7,0.05,0.05,0,46.046,249.5,-0.11,-0.86,0.23,-2.46
1284,4,56020,40.72543623,-74.53933934,50.6,0.05,0.05,0,46.256,247.72,-0.08,-0.4,-0.04,-2.87
1285,5,56300,40.72542304,-74.53937953,50.5,0.05,0.05,0,46.279,245.95,0.06,-0.14,-0.6,-2.07
1286,6,56520,40.72541262,-74.53940938,50.4,0.05,0.05,0,46.226,244.74,0.6,-0.63,0.16,-1.83
1287,7,56740,40.72540176,-74.53943905,50.4,0.05,0.05,0,46.596,243.8,0.09,0.5,0.05,-2.12
1288,8,57020,40.72538667,-74.53947834,50.3,0.05,0.05,0,46.661,242.64,-0.05,-0.43,0.04,-1.9
1289,9,57310,40.72537083,-74.53951714,50.2,0.05,0.05,0,46.622,241.11,0.5,-0.23,0.41,-2.51
1290,10,57530,40.72535836,-74.53954595,50.2,0.05,0.05,0,46.663,240,0.17,0.5,-0.02,-2.05
1291,11,57740,40.72534544,-74.53957446,50.1,0.05,0.05,0,46.727,238.85,0.19,-0.57,0.74,-2.72
1292,12,58030,40.72532753,-74.53961179,50.1,0.05,0.05,0,46.7,236.91,0.25,-0.8,0.64,-2.44
1293,13,58320,40.72530864,-74.53964826,50,0.05,0.05,0,46.527,234.95,0.67,0.22,1,1.7
1294,14,58540,40.72529391,-74.53967494,50,0.05,0.05,0,46.389,233.33,0.14,-0.94,0.52,2.87
1295,15,58750,40.72527864,-74.5397009,49.9,0.05,0.05,0,46.217,231.61,0.48,0,1.12,-3.07
1296,16,58970,40.72526289,-74.539726,49.8,0.05,0.05,0,45.815,229.73,0.16,-1.05,0.78,-2.63
1297,17,59260,40.72524084,-74.53975823,49.8,0.05,0.05,0,45.498,227.08,0.08,-0.74,1.46,-2.82
1298,18,59470,40.72522383,-74.53978119,49.7,0.05,0.05,0,45.077,225.01,0.53,-0.65,0.52,-3.07
1299,19,59690,40.72520621,-74.53980342,49.7,0.05,0.05,0,44.905,223.15,0.36,-0.24,0.77,2.03
1300,20,59900,40.72518817,-74.53982462,49.6,0.05,0.05,0,44.543,221.35,0.25,-0.65,1.03,-2.72
1301,21,190,40.72516348,-74.5398517,49.6,0.05,0.05,0,44.285,219.01,0.18,0.21,0.42,-2.44
1302,22,410,40.72514452,-74.53987102,49.5,0.05,0.05,0,44.138,217.23,0.45,-0.48,1.63,1.98
1303,23,620,40.72512535,-74.53988961,49.4,0.05,0.05,0,43.949,215.49,0.26,0.47,1.57,-3.07
1304,24,840,40.72510581,-74.5399073,49.4,0.05,0.05,0,43.753,213.47,0.16,-1.29,0.86,3.09
1305,25,1060,40.72508583,-74.53992368,49.3,0.05,0.05,0,43.491,211.05,0.06,-0.65,1.09,2.7
1306,26,1270,40.72506542,-74.53993887,49.3,0.05,0.05,0,43.319,208.41,0.56,-0.74,1.72,2.9
1307,27,1490,40.72504458,-74.53995251,49.2,0.05,0.05,0,42.914,205.95,0.11,-0.58,1.23,2.87
1308,28,1700,40.72502345,-74.53996513,49.2,0.05,0.05,0,42.687,203.52,0.11,-0.58,1.23,-3.11
1309,29,1920,40.72500221,-74.53997654,49.1,0.05,0.05,0,42.425,201.06,0.14,-0.2,0.8,3.08
1310,30,2140,40.72498066,-74.53998654,49.1,0.05,0.05,0,42.083,198.56,0.1,0.01,0.1,-2.95
1311,31,2350,40.72495897,-74.5399951,49.1,0.05,0.05,0,41.93,196.23,-0.61,0.1,0.54,-3.08
1312,32,2570,40.72493708,-74.54000278,49,0.05,0.05,0,41.63,193.75,0.06,-0.25,0.62,2
1313,33,2780,40.72491512,-74.54000907,49,0.05,0.05,0,41.282,191.29,0.33,-0.14,0.58,3.03
1314,34,3000,40.72489309,-74.54001412,48.9,0.05,0.05,0,41.226,188.32,0.33,-0.94,0.69,-2.72
1315,35,3220,40.72487105,-74.54001705,48.9,0.05,0.05,0,40.857,184.94,0.19,-0.52,1.39,-2.71
1316,36,3430,40.72484927,-74.54001878,48.8,0.05,0.05,0,40.5,181.94,0.64,-0.41,0.75,-0.32
1317,37,3650,40.72482725,-74.54001863,48.8,0.05,0.05,0,40.303,179.34,-0.57,0.09,0.58,-2.2
1318,38,3860,40.72480554,-74.54001765,48.8,0.05,0.05,0,39.915,177.75,0.2,1.9,0.45,-1.56
1319,39,4080,40.72478411,-74.54001586,48.7,0.05,0.05,0,39.78,176.49,-0.17,1.05,0.74,-1.13
1320,40,4370,40.72475553,-74.54001267,48.7,0.05,0.05,0,39.275,175.13,-0.51,1.6,0.44,-1.43
1321,41,4660,40.72472724,-74.54000892,48.6,0.05,0.05,0,39.122,174.23,-0.6,1.31,0.34,-0.51
1322,42,4870,40.72470617,-74.54000581,48.6,0.05,0.05,0,39.052,173.86,-0.03,1.48,0.66,-1.49
1323,43,5160,40.72467829,-74.54000161,48.4,0.05,0.05,0,38.92,173.67,-0.21,1.48,0.98,-1.49
1324,44,5380,40.72465745,-74.53999833,48.3,0.05,0.05,0,38.597,173.42,-0.65,1.81,-0.24,-0.01
1325,45,5590,40.72463664,-74.53999479,48.2,0.05,0.05,0,38.212,173.25,0.14,1.52,1.42,-0.24
1326,46,5810,40.72461643,-74.53999158,48.1,0.05,0.05,0,37.411,173.33,0.34,1.69,1.33,0.08
1327,47,6020,40.72459667,-74.53998844,48.1,0.05,0.05,0,36.381,173.48,0.11,1.56,1.31,0.36
1328,48,6310,40.72457119,-74.53998445,47.9,0.05,0.05,0,34.752,173.66,0.52,1.52,1.71,0.44
1329,49,6530,40.72455299,-74.53998165,47.8,0.05,0.05,0,33.133,173.78,0.15,1.92,1.89,0.78
1330,50,6740,40.72453587,-74.5399792,47.8,0.05,0.05,0,31.023,173.93,0.23,2,1.81,0.48
1331,51,6960,40.72451982,-74.53997687,47.7,0.05,0.05,0,28.75,174.22,0.29,1.56,2.34,0.54
1332,52,7180,40.72450509,-74.53997486,47.6,0.05,0.05,0,26.514,174.53,0.01,1.38,1.54,0.54
1333,53,7390,40.72449134,-74.53997305,47.6,0.05,0.05,0,24.528,174.87,0.38,1.16,1.22,0.4
1334,54,7610,40.72447874,-74.53997159,47.5,0.05,0.05,0,22.638,175.27,-0.5,1.38,0.83,0.57
1335,55,7820,40.72446711,-74.53997024,47.5,0.05,0.05,0,20.643,175.56,0.26,0.37,0.64,0.62
1336,56,8040,40.72445667,-74.53996925,47.5,0.05,0.05,0,18.428,175.82,0.26,0.51,1.3,0.64
1337,57,8330,40.72444462,-74.53996804,47.4,0.05,0.05,0,15.799,176.06,-0.4,0.6,0.75,0.43
1338,58,8540,40.72443674,-74.53996728,47.4,0.05,0.05,0,13.977,176.06,0.07,0.25,0.22,0.42
1339,59,8760,40.72442984,-74.53996656,47.4,0.05,0.05,0,12.31,175.84,0.38,0.39,1.06,0.71
1340,60,8980,40.7244239,-74.53996583,47.4,0.05,0.05,0,10.509,175.58,0,0.72,0.87,0.49
1341,61,9190,40.72441913,-74.53996539,47.3,0.05,0.05,0,8.603,175.33,0.05,0.25,0.64,0.59
1342,62,9410,40.72441528,-74.53996497,47.3,0.05,0.05,0,6.888,175,-0.37,0.35,0.47,-1.94
1343,63,9620,40.72441227,-74.53996453,47.3,0.05,0.05,0,6.122,174.5,-0.09,0.11,-0.77,-2.35
1344,64,9840,40.7244092,-74.53996395,47.3,0.05,0.05,0,6.38,173.34,-0.29,-0.65,-1.79,-2.31
1345,65,10060,40.72440607,-74.5399632,47.3,0.05,0.05,0,6.709,171.02,-0.19,-0.94,-1.83,-2.44
1346,66,10270,40.72440274,-74.53996208,47.3,0.05,0.05,0,7.567,167.55,-0.46,-1.26,-3.02,-2.56
1347,67,10490,40.72439868,-74.53996028,47.3,0.05,0.05,0,9.376,162.74,-0.16,-1.9,-2.38,-2.82
1348,68,10700,40.72439391,-74.5399573,47.3,0.05,0.05,0,10.775,155.8,-0.64,-2.21,-1.52,-3.01
1349,69,10920,40.72438894,-74.53995279,47.3,0.05,0.05,0,11.875,147.06,-0.33,-2.02,-0.78,3.09
1350,70,11140,40.72438414,-74.53994675,47.3,0.05,0.05,0,12.301,136.9,0.41,-2.57,0.16,2.86
1351,71,11350,40.72438005,-74.53993876,47.3,0.05,0.05,0,12.09,125.69,0.13,-1.74,0.83,2.79
1352,72,11570,40.72437697,-74.5399296,47.3,0.05,0.05,0,11.492,114.09,0.17,-1.95,1.52,2.86
1353,73,11780,40.72437546,-74.53991946,47.3,0.05,0.05,0,10.89,102.36,0.3,-2.07,1.76,2.83
1354,74,12000,40.72437539,-74.53990854,47.3,0.05,0.05,0,10.424,90.86,0.17,-1.06,1.23,2.84
1355,75,12290,40.72437819,-74.53989383,47.3,0.05,0.05,0,9.595,75.78,0.2,-0.82,1.22,2.84
1356,76,12500,40.7243822,-74.53988315,47.3,0.05,0.05,0,9.333,64.61,0.07,-0.66,0.99,2.82
1357,77,12790,40.7243904,-74.53987031,47.4,0.05,0.05,0,8.547,50.24,0.12,0,1.23,2.81
1358,78,13010,40.72439814,-74.53986225,47.4,0.05,0.05,0,8.267,40.25,0.12,0,1.23,3.02
1359,79,13220,40.72440698,-74.53985587,47.4,0.05,0.05,0,7.699,31.15,0.68,0.28,1.92,3.01
1360,80,13440,40.72441664,-74.53985085,47.4,0.05,0.05,0,7.242,23.28,0.34,1,1.42,-2.63
1361,81,13660,40.7244271,-74.53984746,47.4,0.05,0.05,0,7.104,16.28,1.03,-0.14,1.22,-2.99
1362,82,13870,40.72443835,-74.53984548,47.5,0.05,0.05,0,7.357,10.21,-0.05,0.59,0.85,-2.69
1363,83,14090,40.72445067,-74.53984475,47.5,0.05,0.05,0,8.03,5.22,0.66,0.59,0.91,-2.46
1364,84,14380,40.72446799,-74.53984567,47.6,0.05,0.05,0,8.184,0.22,0.24,1.11,0.92,-2.41
1365,85,14590,40.72448176,-74.53984754,47.6,0.05,0.05,0,9.047,357.62,0.34,1.39,1.02,-2.33
1366,86,14880,40.72450121,-74.53985115,47.7,0.05,0.05,0,9.83,355.17,0.25,1.06,1.1,-2.26
1367,87,15100,40.7245165,-74.53985462,47.7,0.05,0.05,0,10.684,353.77,0.26,0.87,0.76,-2.15
1368,88,15380,40.72453761,-74.5398602,47.8,0.05,0.05,0,11.455,352.43,0.24,0.6,0.78,-1.97
1369,89,15600,40.72455414,-74.53986475,47.8,0.05,0.05,0,12.369,352.15,0.11,1.79,0.85,-1.85
1370,90,15820,40.724571,-74.53986928,47.9,0.05,0.05,0,13.135,352.62,0.04,1.75,0.78,-1.79
1371,91,16030,40.72458814,-74.53987364,47.9,0.05,0.05,0,14.108,353.28,-0.01,1.81,0.51,-1.83
1372,92,16320,40.72461188,-74.53987901,48,0.05,0.05,0,15.271,354.51,0.01,1,0.34,-1.81
1373,93,16540,40.72463011,-74.53988269,48.1,0.05,0.05,0,16.874,355.47,-0.08,0.94,0.19,-1.76
1374,94,16750,40.72464937,-74.53988602,48.2,0.05,0.05,0,18.343,356.61,-0.2,1,-0.09,-1.78
1375,95,16970,40.72466761,-74.53988847,48.3,0.05,0.05,0,20.213,358.1,0.11,0.11,0.05,-1.88
1376,96,17180,40.72468771,-74.53989089,48.3,0.05,0.05,0,21.92,359.6,0.11,0.11,0.05,-1.83
1377,97,17400,40.72470801,-74.53989265,48.4,0.05,0.05,0,23.805,0.88,-0.33,0.21,-0.02,-1.75
1378,98,17620,40.72472802,-74.53989378,48.4,0.05,0.05,0,25.769,1.78,0.24,0.77,0.72,-1.73
1379,99,17830,40.72474836,-74.53989425,48.5,0.05,0.05,0,27.919,2.6,0.13,0.4,-0.9,-1.69
1380,100,18050,40.72476925,-74.53989387,48.5,0.05,0.05,0,30.152,3.76,0.06,1.23,0.26,-1.55
1381,101,18260,40.72479341,-74.53989323,48.6,0.05,0.05,0,33.053,4.63,0.04,0.86,0.11,-1.6
1382,102,18480,40.7248124,-74.53989074,49.2,0.05,0.05,0,35.835,6.22,0.29,0.95,0.34,-1.41
1383,103,18700,40.72483122,-74.53988642,48.9,0.05,0.05,0,38.317,7.89,0.2,0.7,0.25,-1.45
1384,104,18910,40.72485384,-74.53988201,48.9,0.05,0.05,0,40.109,9.69,0.21,0.76,0.19,-1.4
1385,105,19200,40.7248838,-74.53987452,48.9,0.05,0.05,0,41.145,12.39,-0.19,0.41,0.3,-1.52
1386,106,19420,40.72490651,-74.53986738,49,0.05,0.05,0,42.172,14.4,0.02,0.62,0.19,-1.43
1387,107,19630,40.724929,-74.53985932,49,0.05,0.05,0,42.514,16.56,0.35,-0.02,0.11,-1.4
1388,108,19850,40.72495237,-74.53985006,49,0.05,0.05,0,43.194,18.74,0.06,0.29,0.01,-1.39
1389,109,20060,40.72497482,-74.53983937,49.1,0.05,0.05,0,43.708,21.28,0.25,0.7,0.05,-1.42
1390,110,20350,40.72500427,-74.53982295,49.2,0.05,0.05,0,44.061,24.58,-0.02,0.06,0.05,-1.37
1391,111,20570,40.72502605,-74.53980917,49.2,0.05,0.05,0,44.515,27,-0.18,0.09,0.08,-1.27
1392,112,20780,40.72504757,-74.53979418,49.3,0.05,0.05,0,44.898,29.38,0.23,0.46,0.46,-1.43
1393,113,21000,40.72506919,-74.539778,49.3,0.05,0.05,0,45.149,31.95,-0.03,0.74,-0.38,-1.33
1394,114,21290,40.72509649,-74.53975394,49.4,0.05,0.05,0,45.541,35.44,0.1,0.31,0.57,-1.29
1395,115,21500,40.72511629,-74.53973448,49.4,0.05,0.05,0,45.798,37.95,0.43,0.16,0.58,-1.19
1396,116,21720,40.7251355,-74.53971378,49.5,0.05,0.05,0,46.05,40.44,0.01,0.38,1.18,-1.07
1397,117,21940,40.72515382,-74.53969219,49.6,0.05,0.05,0,45.626,42.86,0.12,0.17,0.73,-1.12
1398,118,22150,40.72517204,-74.53966991,49.6,0.05,0.05,0,45.144,45.19,-0.02,0.26,0.42,-1.13
1399,119,22370,40.72518891,-74.53964656,49.7,0.05,0.05,0,45.256,47.53,-0.24,0.86,0.65,-1.24
1400,120,22580,40.72520482,-74.53962237,49.8,0.05,0.05,0,45.033,50,0.38,-0.48,0.36,-1.24
1401,121,22800,40.72522009,-74.53959736,49.8,0.05,0.05,0,45.308,52.17,0.33,-0.23,0.47,-1.18
1402,122,23020,40.72523467,-74.53957157,49.9,0.05,0.05,0,45.362,54.15,0.03,-0.06,1.05,-1.37
1403,123,23300,40.72525754,-74.53953687,49.6,0.05,0.05,0,45.304,56.7,-0.04,-0.38,0.44,-1.42
1404,124,23520,40.72527053,-74.53950978,49.7,0.05,0.05,0,45.292,58.16,-0.08,-0.9,0.51,-1.62
1405,125,23740,40.72528324,-74.53948237,49.7,0.05,0.05,0,45.314,59.27,-0.13,-0.74,0.5,-1.57
1406,126,23950,40.72529554,-74.53945455,49.8,0.05,0.05,0,45.501,60.37,-0.03,-0.29,0.19,-1.39
1407,127,24240,40.72531123,-74.53941677,49.9,0.05,0.05,0,45.768,61.89,0.18,-0.16,0.09,-1.47
1408,0,24460,40.72532258,-74.53938797,50,0.05,0.05,0,45.833,62.99,0.07,-0.4,0.36,-1.57
1409,1,24670,40.72533354,-74.53935889,50.1,0.05,0.05,0,45.97,64.15,-0.18,-0.1,0.21,-1.48
1410,2,24890,40.72534405,-74.53932933,50.2,0.05,0.05,0,45.978,65.34,-0.12,0.11,-0.16,-1.6
1411,3,25100,40.72535418,-74.53929943,50.2,0.05,0.05,0,46.139,66.48,0.05,-0.03,0.15,-1.44
1412,4,25390,40.72536705,-74.53925891,50.3,0.05,0.05,0,46.411,68.03,-0.07,-0.27,0.09,-1.43
1413,5,25610,40.7253763,-74.53922814,50.4,0.05,0.05,0,46.608,69.15,0.1,0.2,0.07,-1.48
1414,6,25820,40.72538502,-74.53919699,50.5,0.05,0.05,0,46.912,70.3,-0.43,-0.05,-0.25,-1.43
1415,7,26040,40.7253933,-74.53916549,50.6,0.05,0.05,0,47.209,71.47,-0.02,-0.1,-0.11,-1.45
1416,8,26330,40.72540362,-74.53912303,50.7,0.05,0.05,0,47.309,72.82,0.39,-0.01,0.15,-1.39
1417,9,26620,40.72541333,-74.53908019,50.8,0.05,0.05,0,47.484,74.17,-0.3,0.56,0.38,-1.4
1418,10,26900,40.72542202,-74.53903666,50.9,0.05,0.05,0,47.453,75.77,-0.22,-0.15,0.37,-1.52
1419,11,27190,40.72542993,-74.53899294,51,0.05,0.05,0,47.485,77.06,0.42,-0.06,0.92,-1.32
1420,12,27480,40.72543718,-74.5389491,51.2,0.05,0.05,0,47.239,78.29,0.11,-0.28,0.16,-1.39
1421,13,27700,40.72544214,-74.53891624,51.2,0.05,0.05,0,47.24,79.07,0.41,-0.31,0.97,-1.49
1422,14,27910,40.7254468,-74.53888341,51.3,0.05,0.05,0,47.152,79.63,0.36,-0.76,0.81,-1.6
1423,15,28130,40.72545131,-74.53885069,51.4,0.05,0.05,0,46.762,79.79,-0.16,-0.72,0.54,-1.59
1424,16,28420,40.72545718,-74.53880724,51.5,0.05,0.05,0,46.528,79.98,0.17,-0.74,0.96,-1.86
1425,17,28630,40.72546149,-74.53877481,51.6,0.05,0.05,0,46.309,80.16,-0.02,-0.36,0.33,-1.69
1426,18,28850,40.72546569,-74.53874245,51.6,0.05,0.05,0,46.198,80.31,0.08,-0.24,0.21,-1.57
1427,19,29060,40.72546986,-74.53871029,51.7,0.05,0.05,0,45.901,80.42,0.09,0.19,0.13,-1.89
1428,20,29350,40.72547527,-74.53866756,51.8,0.05,0.05,0,45.675,80.55,0.08,-0.43,-0.13,-1.72
1429,21,29640,40.72548061,-74.53862519,51.8,0.05,0.05,0,45.358,80.58,-0.38,-0.16,0.18,-1.52
1430,22,29860,40.72548459,-74.53859352,51.9,0.05,0.05,0,45.165,80.63,0.31,-0.1,0.4,-1.83
1431,23,30070,40.72548854,-74.53856211,51.9,0.05,0.05,0,44.741,80.57,-0.02,-0.15,0.41,-1.03
1432,24,30360,40.72549382,-74.53852048,51.9,0.05,0.05,0,44.409,80.6,-0.06,-0.09,0.26,-2.02
1433,25,30580,40.72549771,-74.53848956,51.9,0.05,0.05,0,43.942,80.66,0.19,0.05,0.26,-1.03
1434,26,30790,40.72550152,-74.5384589,51.9,0.05,0.05,0,43.568,80.77,0.08,0.35,0.11,-2.09
1435,27,31010,40.72550532,-74.53842849,51.9,0.05,0.05,0,43.404,80.89,-0.12,-0.65,0.85,-0.73
1436,28,31300,40.72551025,-74.53838808,51.9,0.05,0.05,0,43.187,81.06,-0.08,-0.08,-0.25,-1.55
1437,29,31510,40.72551392,-74.53835788,51.8,0.05,0.05,0,43.016,81.19,-0.02,-0.05,-0.29,-1.78
1438,30,31800,40.7255187,-74.53831768,51.8,0.05,0.05,0,42.879,81.31,0.01,-0.09,-0.88,-1.83
1439,31,32020,40.72552218,-74.53828743,51.7,0.05,0.05,0,43.15,81.43,-0.19,0.17,0.03,-1.39
1440,32,32300,40.72552672,-74.53824709,51.6,0.05,0.05,0,43.292,81.75,0.06,-0.52,-0.26,-1.39
1441,33,32520,40.72553004,-74.53821666,51.6,0.05,0.05,0,43.452,81.94,-0.04,-0.27,-0.45,-1.45
1442,34,32740,40.72553326,-74.53818607,51.5,0.05,0.05,0,43.651,82.16,-0.3,-0.34,-0.91,-1.61
1443,35,32950,40.7255365,-74.53815534,51.4,0.05,0.05,0,43.746,82.31,0.08,-0.2,-0.16,-1.58
1444,36,33240,40.72554069,-74.53811405,51.3,0.05,0.05,0,44.141,82.51,0.04,0.02,-0.27,-1.68
1445,37,33460,40.72554375,-74.53808288,51.2,0.05,0.05,0,44.409,82.7,0.08,-0.13,-0.07,-1.52
1446,38,33670,40.72554678,-74.5380515,51,0.05,0.05,0,44.593,82.87,-0.04,0.08,-0.06,-1.47
1447,39,33960,40.72555075,-74.53800944,50.9,0.05,0.05,0,45.003,83.1,-0.02,-0.09,-0.03,-1.4
1448,40,34250,40.72555458,-74.53796721,50.7,0.05,0.05,0,45.154,83.22,0.39,0.22,1.19,-1.37
1449,41,34460,40.72555747,-74.53793548,50.5,0.05,0.05,0,45.083,83.2,0.48,-0.57,-0.37,-0.88
1450,42,34750,40.72556131,-74.5378932,50.3,0.05,0.05,0,44.832,83.17,-0.09,-0.1,0.43,-1.27
1451,43,35040,40.72556523,-74.53785083,50.1,0.05,0.05,0,44.965,83.23,0.01,0.04,0.64,-1.31
1452,44,35330,40.72556894,-74.53780853,49.9,0.05,0.05,0,44.914,83.37,-0.15,0.04,-0.17,-1.52
1453,45,35620,40.72557266,-74.53776637,49.7,0.05,0.05,0,44.99,83.45,0.47,-0.06,0.67,0.21
1454,46,35830,40.7255754,-74.53773504,49.5,0.05,0.05,0,44.187,83.61,-0.04,-0.46,-0.09,-1.38
1455,47,36120,40.7255788,-74.53769343,49.3,0.05,0.05,0,43.511,83.73,0.37,0.41,0.55,-0.24
1456,48,36340,40.72558144,-74.53766253,49.1,0.05,0.05,0,43.493,83.7,0.09,-0.12,0.7,-0.02
1457,49,36550,40.72558402,-74.53763218,49,0.05,0.05,0,42.811,83.65,0.26,0.29,1.04,-0.73
1458,50,36840,40.72558738,-74.53759263,48.8,0.05,0.05,0,41.488,83.63,-0.02,0.27,0.67,0.21
1459,51,37060,40.72558986,-74.53756372,48.6,0.05,0.05,0,40.477,83.67,0.2,-0.42,0.54,-0.06
1460,52,37340,40.72559299,-74.5375264,48.5,0.05,0.05,0,39.062,83.76,0.33,0.47,0.43,0.02
1461,53,37560,40.72559507,-74.53749924,48.3,0.05,0.05,0,38.133,83.96,0.08,0.14,0.41,0.2
1462,54,37850,40.72559779,-74.53746403,48.1,0.05,0.05,0,36.904,84.19,0.36,0.17,0.43,0.38
1463,55,38140,40.72560035,-74.53743025,48,0.05,0.05,0,35.174,84.5,0.06,0.16,0.03,-0.59
1464,56,38420,40.7256026,-74.53739759,47.8,0.05,0.05,0,34.326,85,-0.12,-0.06,-0.29,-1.02
1465,57,38710,40.72560456,-74.53736532,47.6,0.05,0.05,0,34.152,85.52,0.26,-0.47,-0.26,-0.8
1466,58,39000,40.72560643,-74.53733328,47.5,0.05,0.05,0,33.85,86.02,0.03,-0.06,-0.51,-0.81
1467,59,39290,40.72560809,-74.53730152,47.3,0.05,0.05,0,33.536,86.5,-0.05,0.1,-0.29,-0.8
1468,60,39500,40.72560912,-74.53727781,47.2,0.05,0.05,0,33.303,86.93,0.06,-0.15,0.18,-0.48
1469,61,39720,40.72560997,-74.53725458,47.1,0.05,0.05,0,32.679,87.29,0.31,0.21,0.29,0.07
1470,62,39940,40.72561072,-74.53723163,47,0.05,0.05,0,32.006,87.63,-0.44,-0.12,0.19,0.35
1471,63,40220,40.72561157,-74.53720196,46.8,0.05,0.05,0,30.755,88.02,-0.17,0.03,0.6,0.19
1472,64,40510,40.72561224,-74.53717356,46.7,0.05,0.05,0,29.215,88.3,0.21,-0.06,0.92,0.36
1473,65,40730,40.72561254,-74.53715339,46.6,0.05,0.05,0,27.796,88.42,-0.17,0.08,1.32,0.89
1474,66,40940,40.72561283,-74.53713432,46.5,0.05,0.05,0,26.154,88.59,0.12,-0.05,1.28,0.71
1475,67,41230,40.72561329,-74.53711081,46.4,0.05,0.05,0,23.493,88.71,0.21,0.24,1.77,0.91
1476,68,41520,40.72561363,-74.53708991,46.3,0.05,0.05,0,20.558,88.77,0.11,0.19,2.66,0.87
1477,69,41740,40.72561392,-74.53707644,46.3,0.05,0.05,0,17.467,88.53,0.18,0.25,2.23,0.81
1478,70,42020,40.72561419,-74.53706209,46.2,0.05,0.05,0,13.499,88.37,0.18,0.25,2.23,0.44
1479,71,42310,40.72561453,-74.53705109,46.2,0.05,0.05,0,11.049,88.32,-0.04,0.13,0.37,0.48
1480,72,42530,40.7256146,-74.5370442,46.1,0.05,0.05,0,9.486,88.33,-0.13,-0.3,0.29,0
1481,73,42740,40.72561477,-74.53703841,46.1,0.05,0.05,0,8.344,88.3,0.82,-0.28,-0.23,-2.12
1482,74,42960,40.72561498,-74.53703322,46.1,0.05,0.05,0,7.671,88.24,-0.77,-0.49,-1.35,-1.72
1483,75,43250,40.72561509,-74.53702645,46.1,0.05,0.05,0,8.244,88.2,-1.5,-0.88,-2.17,-1.69
1484,76,43460,40.72561522,-74.53702079,46.1,0.05,0.05,0,8.557,88.17,-0.59,-0.49,-1.83,-2.01
1485,77,43680,40.72561535,-74.53701487,46,0.05,0.05,0,8.974,88.15,-0.05,-1.15,-1.02,-0.09
1486,78,43970,40.72561564,-74.53700659,46,0.05,0.05,0,9.12,88.09,-2.19,-0.72,-0.31,-1.84
1487,79,44260,40.72561579,-74.53699841,46,0.05,0.05,0,8.703,88.18,0.46,-0.79,-2.75,-1.82
1488,80,44540,40.72561605,-74.53698962,46,0.05,0.05,0,10.477,88.15,-0.73,-0.26,-1.79,-1.72
1489,81,44830,40.72561621,-74.53697929,45.9,0.05,0.05,0,12.151,88.19,-0.7,-0.68,-1.48,-1.91
1490,82,45050,40.72561646,-74.53697054,45.9,0.05,0.05,0,12.818,88.24,-0.7,-0.68,-1.48,-1.75
1491,83,45260,40.72561667,-74.53696119,45.8,0.05,0.05,0,13.584,88.32,0,-0.6,-1.26,-1.78
1492,84,45550,40.72561694,-74.53694784,45.8,0.05,0.05,0,14.556,88.56,-0.22,-0.07,-1.32,-1.69
1493,85,45770,40.72561707,-74.53693722,45.8,0.05,0.05,0,15.284,88.82,-0.16,-0.16,-0.73,-1.76
1494,86,45980,40.72561722,-74.5369262,45.7,0.05,0.05,0,15.904,89.09,-0.09,-0.09,-0.35,-1.76
1495,87,46270,40.72561736,-74.53691082,45.7,0.05,0.05,0,16.694,89.44,0.08,-0.03,-0.23,-1.71
1496,88,46560,40.72561737,-74.53689461,45.7,0.05,0.05,0,17.639,89.74,-0.15,-0.14,-0.2,-1.73
1497,89,46780,40.7256174,-74.53688181,45.6,0.05,0.05,0,18.198,89.86,0.11,0.05,0.12,-1.37
1498,90,46990,40.72561738,-74.5368688,45.6,0.05,0.05,0,18.394,90.03,-0.11,0.17,0.26,-1.55
1499,91,47210,40.72561737,-74.5368557,45.6,0.05,0.05,0,18.424,90.09,0.05,-0.02,0.25,-1.62
1500,92,47420,40.72561732,-74.53684265,45.5,0.05,0.05,0,18.479,90.12,-0.04,0.21,0.22,-1.33
1501,93,47710,40.72561731,-74.53682512,45.5,0.05,0.05,0,18.568,90.07,0.19,-0.16,0.24,-1.45
1502,94,47930,40.72561729,-74.53681206,45.5,0.05,0.05,0,18.49,89.94,0.02,0.02,0.11,-1.52
1503,95,48220,40.72561733,-74.53679472,45.4,0.05,0.05,0,18.292,89.83,0.05,-0.07,0.16,-1.34
1504,96,48500,40.72561739,-74.53677743,45.4,0.05,0.05,0,18.191,89.7,0.04,0.04,0.1,-1.63
1505,97,48790,40.72561749,-74.5367603,45.4,0.05,0.05,0,17.973,89.56,0.07,-0.07,0.11,-1.51
1506,98,49010,40.72561754,-74.53674762,45.4,0.05,0.05,0,17.819,89.37,-0.09,-0.1,0.12,-1.29
1507,99,49300,40.72561774,-74.53673085,45.3,0.05,0.05,0,17.601,89.12,-0.01,0.27,-0.15,-1.53
1508,100,49510,40.72561784,-74.53671837,45.3,0.05,0.05,0,17.559,89.12,-0.26,-0.25,0.02,-1.15
1509,101,49730,40.72561803,-74.53670602,45.3,0.05,0.05,0,17.333,89.08,0.21,0.46,-0.12,-1.72
1510,102,49940,40.72561804,-74.53669378,45.3,0.05,0.05,0,17.12,89.1,-0.1,-0.04,0.12,-1.65
1511,103,50230,40.72561824,-74.5366776,45.3,0.05,0.05,0,17.062,88.99,0.13,-0.54,-0.07,-1.06
1512,104,50520,40.72561853,-74.53666152,45.2,0.05,0.05,0,16.947,88.4,0.09,-0.02,0.22,-0.29
1513,105,50810,40.72561895,-74.53664592,45.2,0.05,0.05,0,15.999,88.07,0.11,0.49,1.03,-0.28
1514,106,51020,40.72561925,-74.53663496,45.2,0.05,0.05,0,15.018,88.13,0.09,0.27,1.01,-0.05
1515,107,51310,40.72561955,-74.53662149,45.1,0.05,0.05,0,13.756,88.31,0.07,0.07,1.08,0.1
1516,108,51530,40.72561973,-74.53661224,45.1,0.05,0.05,0,12.775,88.45,0.11,0.29,0.5,0.55
1517,109,51740,40.72561989,-74.53660369,45.1,0.05,0.05,0,11.632,88.53,0.07,0.03,0.83,0.64
1518,110,51960,40.72562003,-74.53659634,45.1,0.05,0.05,0,9.702,88.5,0.09,0.23,1.18,0.61
1519,111,52250,40.72562016,-74.53658866,45.1,0.05,0.05,0,7.345,88.48,0.07,0.24,1.13,0.39
1520,112,52460,40.72562028,-74.5365844,45.1,0.05,0.05,0,5.837,88.47,0.2,0.02,0.15,-0.96
1521,113,52680,40.72562034,-74.53658099,45.1,0.05,0.05,0,5.122,88.44,-0.11,-0.13,-0.4,-1.01
1522,114,52970,40.72562044,-74.53657699,45.1,0.05,0.05,0,4.407,88.42,-0.02,-0.09,-0.14,-0.24
1523,115,53260,40.72562052,-74.53657378,45,0.05,0.05,0,3.339,88.42,-0.02,-0.04,-0.03,-0.5
1524,116,53470,40.7256206,-74.53657203,45,0.05,0.05,0,2.518,88.4,0,-0.01,-0.07,-0.51
1525,117,53690,40.7256206,-74.5365708,45,0.05,0.05,0,1.752,88.39,-0.01,0.01,0.07,-0.33
1526,118,53900,40.72562054,-74.53657018,45,0.05,0.05,0,0.932,88.39,-0.03,-0.09,-0.44,-1.69
1527,119,54190,40.72562057,-74.53657016,45,0.05,0.05,0,0.488,88.39,-0.14,-0.22,-0.66,-1.54
1528,120,54480,40.72562058,-74.53657015,45,0.05,0.05,0,0.416,88.39,-0.08,-0.2,-0.64,-1.61
1529,121,54770,40.72562057,-74.53657015,45,0.05,0.05,0,0.393,88.39,-0.08,-0.13,-0.38,-1.56
1530,122,55060,40.72562059,-74.53657014,45,0.05,0.05,0,0.401,88.4,-0.03,-0.07,-0.32,-1.59
1531,123,55340,40.72562059,-74.53657012,45,0.05,0.05,0,0.42,88.4,-0.01,-0.04,-0.12,-1.6
1532,124,55630,40.72562058,-74.53657013,45,0.05,0.05,0,0.442,88.39,-0.02,-0.01,-0.07,-1.67
1533,125,55920,40.72562057,-74.53657011,45,0.05,0.05,0,0.448,88.4,-0.06,-0.13,-0.49,-1.87
1534,126,56210,40.72562059,-74.53656987,45,0.05,0.05,0,1.008,88.41,-0.04,-0.16,-0.74,-1.86
1535,127,56500,40.72562063,-74.53656867,45,0.05,0.05,0,1.879,88.46,-0.08,-0.17,-0.55,-1.89
1536,0,56710,40.72562071,-74.53656723,45,0.05,0.05,0,2.528,88.55,-0.04,-0.09,-0.36,-1.92
1537,1,56930,40.72562076,-74.53656527,45,0.05,0.05,0,3.317,88.67,-0.02,-0.12,-0.36,-1.92
1538,2,57220,40.7256208,-74.53656155,45,0.05,0.05,0,4.567,88.9,0,-0.05,-0.33,-1.99
1539,3,57500,40.72562078,-74.53655654,45,0.05,0.05,0,6.059,89.19,-0.05,-0.07,-0.24,-1.95
1540,4,57790,40.72562084,-74.53654991,45,0.05,0.05,0,7.762,89.57,-0.05,0.05,-0.25,-1.96
1541,5,58010,40.72562085,-74.53654374,45,0.05,0.05,0,9.06,89.9,0.06,0,0.12,-1.89
1542,6,58300,40.72562088,-74.53653423,45,0.05,0.05,0,10.669,90.18,-0.12,0.01,0.1,-1.99
1543,7,58580,40.72562074,-74.53652326,45,0.05,0.05,0,12.15,90.33,-0.07,-0.13,0.19,-1.96
1544,8,58870,40.72562071,-74.53651092,44.9,0.05,0.05,0,13.509,90.35,0.02,0.39,0.2,-1.82
1545,9,59160,40.72562073,-74.53649752,44.9,0.05,0.05,0,14.619,90.33,0.21,-0.13,0.35,-1.63
1546,10,59450,40.7256207,-74.53648343,44.9,0.05,0.05,0,15.036,90.33,-0.08,-0.18,0.68,-1.4
1547,11,59740,40.72562062,-74.53646906,44.8,0.05,0.05,0,15.223,90.35,-0.08,0.62,0.65,-1.59
1548,12,20,40.72562053,-74.53645452,44.8,0.05,0.05,0,15.443,90.37,0,0.3,0.46,-1.72
1549,13,310,40.72562045,-74.53643991,44.7,0.05,0.05,0,15.451,90.42,-0.49,0,0.04,-1.68
1550,14,530,40.72562036,-74.53642883,44.7,0.05,0.05,0,15.618,90.47,-0.03,-0.25,0.3,-1.15
1551,15,820,40.72562039,-74.53641401,44.7,0.05,0.05,0,15.794,90.4,0.09,0.35,0.14,-1.89
1552,16,1100,40.72562026,-74.53639921,44.7,0.05,0.05,0,15.825,90.42,-0.17,-0.24,0.01,-1.89
1553,17,1390,40.72562032,-74.53638411,44.7,0.05,0.05,0,16.213,90.43,-0.37,-0.46,0.4,-1.66
1554,18,1680,40.72562025,-74.53636863,44.7,0.05,0.05,0,16.712,90.41,-0.17,-0.01,-0.66,-1.97
1555,19,1970,40.72562018,-74.5363524,44.7,0.05,0.05,0,17.47,90.33,-0.42,0.24,-0.52,-1.71
1556,20,2260,40.72562018,-74.53633544,44.6,0.05,0.05,0,18.445,90.22,-0.2,0.14,-0.61,-1.95
1557,21,2470,40.72562015,-74.53632216,44.6,0.05,0.05,0,19.066,90.29,-0.18,-0.08,-0.26,-1.8
1558,22,2760,40.72562013,-74.53630376,44.6,0.05,0.05,0,19.772,90.24,0.05,0.06,-0.28,-1.84
1559,23,3050,40.72562005,-74.53628462,44.6,0.05,0.05,0,20.644,90.25,-0.08,-0.14,-0.1,-1.82
1560,24,3340,40.72561996,-74.53626464,44.6,0.05,0.05,0,21.451,90.21,-0.38,-0.23,-0.01,-1.87
1561,25,3620,40.72561998,-74.536244,44.6,0.05,0.05,0,22.105,90.13,0.38,0.16,-0.21,-1.71
1562,26,3910,40.72562003,-74.5362226,44.6,0.05,0.05,0,22.868,90.05,0.16,0.04,-0.17,-1.86
1563,27,4200,40.72562003,-74.53620069,44.6,0.05,0.05,0,23.476,89.99,0.48,0.32,0.12,-1.73
1564,28,4490,40.7256201,-74.53617813,44.5,0.05,0.05,0,24.009,89.93,-0.09,-0.06,0.04,-1.63
1565,29,4780,40.72562006,-74.53615494,44.6,0.05,0.05,0,24.851,89.81,0.22,0.13,0.19,-1.86
1566,30,5060,40.72562015,-74.53613118,44.6,0.05,0.05,0,25.063,89.78,-0.18,0.39,-0.17,-1.92
1567,31,5350,40.72562018,-74.53610696,44.6,0.05,0.05,0,25.95,89.75,0.19,-0.61,0.36,-1.98
1568,32,5570,40.72562025,-74.53608852,44.6,0.05,0.05,0,26.095,89.71,0.15,-0.38,-0.06,-1.79
1569,33,5780,40.72562044,-74.5360697,44.6,0.05,0.05,0,26.706,89.62,-0.09,-0.26,0.17,-1.79
1570,34,6070,40.72562067,-74.5360443,44.6,0.05,0.05,0,27.046,89.48,0.37,0.12,-0.03,-1.8
1571,35,6360,40.72562087,-74.53601845,44.6,0.05,0.05,0,27.487,89.34,0.03,-0.25,0.38,-1.83
1572,36,6580,40.72562106,-74.53599884,44.6,0.05,0.05,0,27.908,89.35,0.07,0.06,-0.15,-1.84
1573,37,6790,40.72562124,-74.53597886,44.7,0.05,0.05,0,28.339,89.33,-0.13,0.11,-0.32,-1.84
1574,38,7010,40.72562135,-74.53595845,44.7,0.05,0.05,0,28.884,89.36,-0.21,0.02,0.06,-1.79
1575,39,7300,40.72562157,-74.5359308,44.8,0.05,0.05,0,29.562,89.4,-0.18,-0.09,-0.14,-2.04
1576,40,7510,40.72562179,-74.53590958,44.8,0.05,0.05,0,30.175,89.4,0.04,0.08,0.07,-1.71
1577,41,7730,40.72562215,-74.53588795,44.8,0.05,0.05,0,30.532,89.38,-0.18,-0.14,0.03,-1.91
1578,42,7940,40.72562242,-74.53586613,44.8,0.05,0.05,0,31.097,89.4,0.21,0,0.1,-1.53
1579,43,8230,40.72562256,-74.53583659,44.9,0.05,0.05,0,31.604,89.38,0.01,0.03,0.44,-1.8
1580,44,8520,40.72562288,-74.53580691,44.9,0.05,0.05,0,31.414,89.37,0.25,0.23,0.66,-1.61
1581,45,8740,40.72562315,-74.53578489,45,0.05,0.05,0,30.85,89.55,-0.07,0.39,0.49,-1.43
1582,46,8950,40.72562318,-74.535763,45,0.05,0.05,0,30.91,89.76,-0.12,0.13,0.19,-1.31
1583,47,9240,40.72562318,-74.53573412,45.1,0.05,0.05,0,30.498,90.2,0.21,-0.03,0.01,-1.58
1584,48,9460,40.72562306,-74.5357126,45.1,0.05,0.05,0,30.359,90.59,0.02,0.14,0,-1.57
1585,49,9670,40.72562286,-74.53569111,45.2,0.05,0.05,0,30.215,90.98,-0.12,0.11,0.21,-1.61
1586,50,9890,40.72562258,-74.53566983,45.2,0.05,0.05,0,29.894,91.35,-0.05,-0.13,0.01,-1.71
1587,51,10100,40.72562198,-74.53564848,45.3,0.05,0.05,0,29.935,91.66,-0.09,-0.13,0.01,-1.56
1588,52,10390,40.72562129,-74.53562029,45.3,0.05,0.05,0,29.609,92.11,0.02,0.13,-0.07,-1.41
1589,53,10610,40.72562081,-74.53559918,45.3,0.05,0.05,0,29.607,92.38,-0.11,-0.03,-0.05,-2.05
1590,54,10820,40.7256199,-74.53557823,45.4,0.05,0.05,0,29.386,92.57,-0.02,-0.14,0.17,-1.55
1591,55,11040,40.72561928,-74.53555731,45.5,0.05,0.05,0,29.422,92.57,0.06,-0.15,-0.01,-1.73
1592,56,11260,40.72561862,-74.53553655,45.5,0.05,0.05,0,29.338,92.53,-0.07,0.15,0.01,-1.55
1593,57,11470,40.72561788,-74.5355157,45.5,0.05,0.05,0,29.272,92.47,0.2,-0.22,0.02,-1.67
1594,58,11690,40.72561742,-74.53549502,45.6,0.05,0.05,0,29.124,92.39,-0.14,0.08,0.02,-1.91
1595,59,11900,40.72561678,-74.53547435,45.6,0.05,0.05,0,28.972,92.32,0.04,-0.13,0.25,-1.55
1596,60,12120,40.72561611,-74.53545385,45.6,0.05,0.05,0,28.804,92.28,-0.06,0.09,-0.17,-1.31
1597,61,12410,40.72561535,-74.53542684,45.7,0.05,0.05,0,28.297,92.16,-0.04,0.1,-0.18,-1.61
1598,62,12620,40.72561466,-74.53540688,45.7,0.05,0.05,0,28.18,92.12,-0.01,-0.04,0.25,-1.33
1599,63,12840,40.72561416,-74.53538705,45.7,0.05,0.05,0,27.808,91.97,-0.02,0.03,0.05,-1.73
1600,64,13060,40.72561364,-74.53536768,45.7,0.05,0.05,0,27.2,91.78,-0.12,0.27,0.13,-1.45
1601,65,13270,40.72561322,-74.53534862,45.8,0.05,0.05,0,26.716,91.68,0.56,-0.56,0.2,-1.13
1602,66,13490,40.72561291,-74.53532993,45.8,0.05,0.05,0,26.005,91.51,0.03,0.19,0.47,-1.13
1603,67,13700,40.7256126,-74.53531185,45.8,0.05,0.05,0,25.11,91.34,0.12,-0.05,0.77,-0.83
1604,68,13920,40.7256123,-74.53529447,45.8,0.05,0.05,0,23.997,91.22,0.41,0.06,0.8,-0.18
1605,69,14140,40.7256121,-74.5352777,45.8,0.05,0.05,0,23.065,91.08,0.04,0.27,0.81,0.43
1606,70,14420,40.72561182,-74.53525689,45.9,0.05,0.05,0,20.941,90.98,0.33,0.24,1.42,0.45
1607,71,14640,40.72561149,-74.53524274,45.9,0.05,0.05,0,18.818,90.94,0.23,0.4,1.61,0.65
1608,72,14860,40.72561138,-74.53523019,46,0.05,0.05,0,16.593,90.89,0.22,0.45,1.69,0.52
1609,73,15070,40.72561108,-74.53521944,46,0.05,0.05,0,14.504,90.85,0.28,0.19,1.42,0.52
1610,74,15290,40.72561119,-74.53520965,45.9,0.05,0.05,0,12.478,90.8,0.19,0.29,0.89,0.24
1611,75,15500,40.72561106,-74.53520191,46,0.05,0.05,0,10.512,90.79,0.04,0.11,0.48,-0.6
1612,76,15720,40.72561103,-74.53519539,46,0.05,0.05,0,9.271,90.79,0.07,-0.08,-0.39,-1.58
1613,77,15940,40.72561099,-74.53518975,46,0.05,0.05,0,8.79,90.77,0.72,-0.68,-0.72,-0.94
1614,78,16150,40.72561091,-74.53518438,45.9,0.05,0.05,0,8.143,90.74,0.72,-0.68,-0.72,-1.96
1615,79,16370,40.72561059,-74.53518018,46.1,0.05,0.05,0,8.137,90.74,-1.29,0.21,-1.85,-1.72
1616,80,16580,40.7256109,-74.53517518,46,0.05,0.05,0,8.632,90.7,1.43,-0.25,-1.26,-1.78
1617,81,16800,40.72561129,-74.53516988,45.8,0.05,0.05,0,8.612,90.67,-0.67,-0.57,-1.91,-1.84
1618,82,17020,40.72561087,-74.53516394,46,0.05,0.05,0,9.006,90.63,-0.12,-0.45,-1.81,-1.94
1619,83,17230,40.72561093,-74.53515897,46,0.05,0.05,0,9.376,90.61,0.72,-0.19,-1.92,-1.41
1620,84,17450,40.72561056,-74.53515183,46.2,0.05,0.05,0,9.633,90.57,-2,-0.68,-1.16,-1.92
1621,85,17660,40.72561058,-74.53514561,46.2,0.05,0.05,0,10.719,90.56,0.82,-0.86,-3.36,-1.91
1622,86,17880,40.72561056,-74.53513817,46.2,0.05,0.05,0,11.925,90.5,-0.65,-0.54,-2.02,-2.03
1623,87,18100,40.72561061,-74.53512991,46.2,0.05,0.05,0,13.22,90.46,-0.15,-0.62,-2.76,-1.97
1624,88,18310,40.72561045,-74.5351205,46.2,0.05,0.05,0,14.79,90.44,-0.39,-0.77,-2.67,-1.99
1625,89,18530,40.72561041,-74.53510998,46.2,0.05,0.05,0,16.256,90.42,-0.34,-0.69,-2.69,-1.98
1626,90,18670,40.72561044,-74.53510212,46.3,0.05,0.05,0,17.017,90.43,-0.27,-0.41,-2.25,-1.99
1627,91,18890,40.72561018,-74.53508912,46.4,0.05,0.05,0,18.412,90.35,-0.17,-0.31,-1.42,-1.94
1628,92,19100,40.72561048,-74.53507648,46.2,0.05,0.05,0,19.458,90.31,-0.08,-0.29,-0.92,-1.99
1629,93,19320,40.72561044,-74.53506242,46.2,0.05,0.05,0,20.349,90.31,-0.13,-0.09,-0.41,-2
1630,94,19460,40.72561036,-74.5350526,46.2,0.05,0.05,0,21.078,90.33,0.05,-0.1,-0.17,-1.98
1631,95,19610,40.72561032,-74.53504247,46.2,0.05,0.05,0,21.694,90.31,0.05,-0.1,-0.17,-1.9
1632,96,19750,40.72561027,-74.53503193,46.3,0.05,0.05,0,22.37,90.31,-0.02,0.01,-0.03,-1.96
1633,97,19900,40.72561021,-74.5350212,46.3,0.05,0.05,0,22.863,90.3,0.01,0.09,0.13,-1.96
1634,98,20040,40.72561019,-74.53501014,46.3,0.05,0.05,0,23.51,90.25,0.01,0.09,0.13,-1.87
1635,99,20180,40.72561018,-74.53499887,46.3,0.05,0.05,0,24.073,90.22,-0.14,0.09,0.14,-1.92
1636,100,20330,40.72561013,-74.53498741,46.3,0.05,0.05,0,24.522,90.23,-0.14,0.09,0.14,-1.99
1637,101,20540,40.72561013,-74.53496963,46.3,0.05,0.05,0,25.452,90.24,0,0,-0.15,-1.73
1638,102,20690,40.72561012,-74.53495732,46.4,0.05,0.05,0,25.93,90.28,0.1,0.17,0.23,-1.72
1639,103,20830,40.72561003,-74.53494481,46.4,0.05,0.05,0,26.278,90.35,-0.07,-0.06,0.36,-1.76
1640,104,20980,40.72560997,-74.53493223,46.4,0.05,0.05,0,26.49,90.4,-0.07,-0.06,0.36,-1.52
1641,105,21120,40.7256099,-74.53491968,46.4,0.05,0.05,0,26.526,90.46,0.38,0.57,0.46,-1.53
1642,106,21260,40.72560982,-74.53490717,46.4,0.05,0.05,0,26.527,90.56,-0.14,0.03,0.72,-1.45
1643,107,21410,40.72560972,-74.53489413,46.4,0.05,0.05,0,26.737,90.66,-0.14,0.03,0.72,-1.46
1644,108,21550,40.72560958,-74.53488135,46.4,0.05,0.05,0,26.783,90.8,0.23,0.57,0.55,-1.36
1645,109,21700,40.72560941,-74.53486874,46.4,0.05,0.05,0,26.787,90.96,0.17,0.41,1.01,-1.36
1646,110,21840,40.72560923,-74.53485605,46.4,0.05,0.05,0,26.787,91.09,0,0.24,0.39,-1.61
1647,111,21980,40.72560901,-74.53484338,46.4,0.05,0.05,0,26.794,91.23,0,0.24,0.39,-1.35
1648,112,22130,40.72560878,-74.53483094,46.4,0.05,0.05,0,26.665,91.4,-0.03,0.1,0.46,-1.35
1649,113,22270,40.72560854,-74.53481844,46.4,0.05,0.05,0,26.642,91.58,0.06,0.16,0.12,-1.25
1650,114,22420,40.72560829,-74.53480597,46.4,0.05,0.05,0,26.605,91.85,0.11,0.2,0.16,-1.25
1651,115,22630,40.72560773,-74.53478698,46.3,0.05,0.05,0,26.665,92.47,-0.08,0.33,0.11,-1.24
1652,116,22780,40.72560731,-74.53477437,46.3,0.05,0.05,0,26.677,93.09,-0.08,0.33,0.11,-1.41
1653,117,22920,40.72560672,-74.53476145,46.3,0.05,0.05,0,26.926,93.82,-0.09,0.26,-0.1,-1.11
1654,118,23060,40.72560592,-74.53474879,46.3,0.05,0.05,0,26.947,94.58,0.07,0.19,0.07,-1.29
1655,119,23280,40.72560449,-74.53473013,46.3,0.05,0.05,0,27.023,95.79,-0.06,0.05,-0.04,-1.28
1656,120,23500,40.72560281,-74.5347112,46.3,0.05,0.05,0,27.023,97.15,0.36,0.3,0.02,-1.06
1657,121,23710,40.72560078,-74.53469254,46.3,0.05,0.05,0,26.821,98.85,-0.02,0.47,-0.08,-0.98
1658,122,23930,40.72559838,-74.53467399,46.3,0.05,0.05,0,26.696,100.95,-0.02,0.45,0.07,-0.99
1659,123,24140,40.72559534,-74.53465578,46.3,0.05,0.05,0,26.418,103.39,-0.11,0.31,-0.1,-0.94
1660,124,24360,40.72559174,-74.53463766,46.3,0.05,0.05,0,26.375,105.97,0.12,0.25,0.4,-0.99
1661,125,24580,40.72558753,-74.53462016,46.3,0.05,0.05,0,26.001,108.74,-0.45,0.8,-0.36,-0.91
1662,126,24790,40.72558259,-74.53460306,46.3,0.05,0.05,0,25.868,111.8,-0.16,0.3,0.37,-0.92
1663,127,25010,40.72557698,-74.53458643,46.3,0.05,0.05,0,25.551,114.98,0.19,0.59,0.16,-0.97
1664,0,25300,40.72556853,-74.53456487,46.3,0.05,0.05,0,25.431,119.3,0.05,0.44,0.43,-0.97
1665,1,25510,40.72556144,-74.53454958,46.4,0.05,0.05,0,25.093,122.67,-0.12,0.29,0.17,-0.96
1666,2,25730,40.72555369,-74.53453532,46.3,0.05,0.05,0,24.84,126.15,0.06,0.31,0.12,-0.85
1667,3,25940,40.72554533,-74.53452161,46.3,0.05,0.05,0,24.591,129.82,0.09,0.12,0.14,-0.85
1668,4,26160,40.72553643,-74.5345087,46.3,0.05,0.05,0,24.251,133.49,-0.07,0.28,0.33,-0.43
1669,5,26380,40.7255271,-74.53449675,46.3,0.05,0.05,0,23.631,137.05,-0.02,-0.17,1.06,-0.08
1670,6,26590,40.72551763,-74.53448605,46.3,0.05,0.05,0,22.479,140.49,0.2,0.07,1.45,0.11
1671,7,26810,40.72550838,-74.5344766,46.3,0.05,0.05,0,20.778,143.66,0.32,-0.08,3.13,0.49
1672,8,27020,40.72549965,-74.53446877,46.3,0.05,0.05,0,18.283,146.56,0.84,-0.31,3.53,0.63
1673,9,27310,40.72548971,-74.53446043,46.3,0.05,0.05,0,14.441,149.45,0.1,-0.35,3.28,0.35
1674,10,27600,40.7254818,-74.53445447,46.4,0.05,0.05,0,11.039,151.57,0.45,-1.06,2.94,0.35
1675,11,27820,40.72547697,-74.53445112,46.4,0.05,0.05,0,9.257,152.78,0.26,-1.24,1.86,0.32
1676,12,28030,40.72547294,-74.53444843,46.4,0.05,0.05,0,7.472,153.76,0.15,-1.15,1.4,-1.02
1677,13,28320,40.72546867,-74.53444564,46.4,0.05,0.05,0,6.242,154.76,0.63,-1.82,0.17,-0.95
1678,14,28540,40.72546574,-74.53444373,46.4,0.05,0.05,0,5.695,155.28,-0.13,-0.61,-0.24,-2.03
1679,15,28750,40.72546282,-74.53444202,46.5,0.05,0.05,0,5.898,155.94,-1.05,-1.79,-0.88,-1.31
1680,16,28970,40.72545951,-74.53444016,46.5,0.05,0.05,0,6.253,156.57,0.11,-1,-0.82,-1.9
1681,17,29260,40.72545454,-74.53444204,45.4,0.05,0.05,0,6.62,157.23,-0.22,-1.61,-1.13,-1.8
1682,18,29540,40.72544917,-74.53443908,45.3,0.05,0.05,0,7.673,157.98,0.28,-1.44,-1.25,-1.65
1683,19,29760,40.72544453,-74.53443661,45.4,0.05,0.05,0,8.257,158.6,-0.23,-0.73,-0.8,-2.07
1684,20,29980,40.72543975,-74.53443431,45.3,0.05,0.05,0,8.804,159.21,1.13,-1.33,-2,-1.72
1685,21,30260,40.72543205,-74.53443047,45.3,0.05,0.05,0,10.336,160.05,-0.65,-1.17,-0.98,-1.98
1686,22,30480,40.72542563,-74.53442748,45.3,0.05,0.05,0,11.501,160.69,0.02,-1.08,-1.22,-1.95
1687,23,30700,40.72541856,-74.53442427,45.3,0.05,0.05,0,12.638,161.35,-0.25,-1.03,-0.89,-1.95
1688,24,30910,40.72541103,-74.53442091,45.3,0.05,0.05,0,13.813,161.88,-0.02,-0.79,-0.99,-1.86
1689,25,31130,40.72540281,-74.53441746,45.3,0.05,0.05,0,15.087,162.38,0.07,-0.69,-0.47,-1.84
1690,26,31340,40.72539407,-74.53441376,45.3,0.05,0.05,0,16.256,162.77,0.16,-0.38,-0.31,-1.94
1691,27,31630,40.72538163,-74.53440869,45.3,0.05,0.05,0,18.19,163.26,-0.04,-0.18,0.09,-1.73
1692,28,31850,40.72537172,-74.53440476,45.3,0.05,0.05,0,19.293,163.58,0.03,0,0.17,-1.91
1693,29,32060,40.72536152,-74.53440071,45.2,0.05,0.05,0,20.066,163.72,-0.08,-0.09,-0.12,-1.84
1694,30,32350,40.72534718,-74.53439522,45.2,0.05,0.05,0,21.166,163.98,0.04,-0.01,0.07,-1.85
1695,31,32570,40.72533588,-74.53439084,45.2,0.05,0.05,0,22.048,164.12,0.06,-0.02,0.11,-1.86
1696,32,32780,40.72532429,-74.53438633,45.2,0.05,0.05,0,22.803,164.12,0.1,-0.03,0.07,-1.78
1697,33,33000,40.72531229,-74.5343818,45.2,0.05,0.05,0,23.488,164.17,0.05,0.16,0.2,-1.81
1698,34,33290,40.72529584,-74.53437559,45.1,0.05,0.05,0,24.336,164.27,0.03,-0.13,0.2,-1.86
1699,35,33500,40.72528318,-74.53437087,45.2,0.05,0.05,0,24.554,164.33,0.13,-0.12,0.24,-1.68
1700,36,33790,40.7252658,-74.53436444,45.2,0.05,0.05,0,25.181,164.44,-0.19,0.26,0.17,-1.9
1701,37,34010,40.72525268,-74.53435967,45.1,0.05,0.05,0,25.575,164.57,0.16,-0.2,0.06,-1.85
1702,38,34300,40.7252348,-74.53435314,45.1,0.05,0.05,0,25.878,164.8,-0.22,-0.03,0.19,-1.6
1703,39,34580,40.72521684,-74.53434657,45.1,0.05,0.05,0,26.07,164.99,0.12,0.09,0.18,-1.65
1704,40,34870,40.7251986,-74.53434002,45.1,0.05,0.05,0,26.216,165.18,0.12,-0.11,-0.15,-1.77
1705,41,35160,40.72518034,-74.53433348,45.1,0.05,0.05,0,26.592,165.46,-0.04,-0.09,0.06,-1.49
1706,42,35450,40.72516167,-74.534327,45.1,0.05,0.05,0,27.053,165.84,0.26,0.24,0.16,-1.39
1707,43,35660,40.72514752,-74.53432235,45.1,0.05,0.05,0,27.233,166.24,-0.13,-0.05,0.11,-1.53
1708,44,35950,40.72512856,-74.53431635,45.1,0.05,0.05,0,27.301,167,-0.01,0.21,-0.12,-1.53
1709,45,36240,40.72510948,-74.53431078,45.1,0.05,0.05,0,27.495,168.01,0.01,0.15,0.22,-1.37
1710,46,36460,40.72509518,-74.53430692,45.1,0.05,0.05,0,27.387,168.85,0.12,0.03,0.09,-1.59
1711,47,36670,40.72508081,-74.53430329,45.1,0.05,0.05,0,27.184,169.71,-0.04,-0.06,-0.08,-1.46
1712,48,36890,40.7250663,-74.53429994,45.1,0.05,0.05,0,27.271,170.64,0.05,0.19,0.06,-1.36
1713,49,37100,40.72505173,-74.53429696,45.1,0.05,0.05,0,27.385,171.61,-0.14,0.06,-0.04,-1.47
1714,50,37320,40.72503718,-74.53429438,45.2,0.05,0.05,0,27.289,172.53,-0.01,-0.23,-0.23,-1.66
1715,51,37540,40.72502255,-74.53429214,45.2,0.05,0.05,0,27.565,173.49,-0.05,-0.03,-0.09,-1.61
1716,52,37750,40.72500762,-74.53428994,45.2,0.05,0.05,0,27.818,174.4,-0.13,0.08,-0.09,-1.5
1717,53,38040,40.72498747,-74.5342877,45.2,0.05,0.05,0,28.19,175.71,0.2,0.23,-0.07,-1.66
1718,54,38260,40.72497232,-74.53428648,45.3,0.05,0.05,0,28.505,176.64,0.07,-0.2,-0.03,-1.69
1719,55,38470,40.72495685,-74.53428549,45.3,0.05,0.05,0,28.972,177.54,0.09,-0.08,0.16,-1.51
1720,56,38690,40.7249413,-74.53428458,45.4,0.05,0.05,0,29.167,178.33,-0.06,-0.12,0.03,-1.67
1721,57,38900,40.72492557,-74.53428409,45.4,0.05,0.05,0,29.324,179.02,0,0.12,0,-1.59
1722,58,39120,40.72490956,-74.53428384,45.5,0.05,0.05,0,29.385,179.71,-0.19,-0.09,0.1,-1.65
1723,59,39340,40.72489371,-74.53428386,45.5,0.05,0.05,0,29.383,180.35,-0.19,-0.09,0.1,-1.61
1724,60,39550,40.72487799,-74.53428399,45.6,0.05,0.05,0,29.196,180.59,-0.16,0.13,0.55,-1.65
1725,61,39770,40.7248624,-74.53428434,45.6,0.05,0.05,0,28.761,180.84,-0.04,0.01,0.47,-1.09
1726,62,39980,40.72484704,-74.53428459,45.6,0.05,0.05,0,28.11,181.11,0.37,0,1.21,-0.37
1727,63,40200,40.72483226,-74.53428504,45.7,0.05,0.05,0,26.931,181.33,-0.03,0.16,1.34,-0.17
1728,64,40420,40.72481815,-74.5342854,45.7,0.05,0.05,0,25.675,181.42,0.12,0.38,1.44,-0.03
1729,65,40630,40.72480509,-74.5342859,45.8,0.05,0.05,0,24.433,181.51,0.12,0,1.19,0.31
1730,66,40850,40.72479216,-74.5342862,45.8,0.05,0.05,0,23.087,181.58,0.23,0.07,0.92,0.65
1731,67,41060,40.72478037,-74.53428667,45.8,0.05,0.05,0,21.151,181.61,0.01,0.46,1.78,0.67
1732,68,41280,40.7247698,-74.53428703,45.9,0.05,0.05,0,18.994,181.55,0.37,0.11,1.95,0.67
1733,69,41500,40.72476082,-74.53428747,45.9,0.05,0.05,0,16.739,181.44,0.21,0.43,1.85,0.67
1734,70,41710,40.72475278,-74.5342878,46,0.05,0.05,0,14.634,181.33,0.04,0.22,1.1,0.64
1735,71,41930,40.72474577,-74.53428791,46,0.05,0.05,0,12.536,181.23,0.16,0.02,0.73,0.48
1736,72,42140,40.72473964,-74.53428781,46,0.05,0.05,0,10.579,181.13,-0.06,-0.1,-0.73,-1.71
1737,73,42360,40.72473462,-74.53428789,45.9,0.05,0.05,0,10.289,181.06,-0.49,-0.55,-1.75,-1.19
1738,74,42580,40.72472991,-74.53428799,45.9,0.05,0.05,0,9.7,180.98,0.82,0.08,-0.81,-1.85
1739,75,42790,40.72472574,-74.53428825,46,0.05,0.05,0,9.924,180.92,-2.54,-0.96,-2.7,-1.78
1740,76,43010,40.72472083,-74.53428817,46,0.05,0.05,0,10.377,180.84,1.66,-0.34,-1.94,-2.03
1741,77,43220,40.72471514,-74.53428842,46,0.05,0.05,0,11.33,180.76,-0.91,-0.97,-2.9,-2.03
1742,78,43440,40.72470967,-74.53428826,46,0.05,0.05,0,12.57,180.66,0.04,-0.6,-3.2,-1.9
1743,79,43660,40.72470375,-74.53428834,46,0.05,0.05,0,13.138,180.56,-1.79,-0.4,-1.47,-1.89
1744,80,43800,40.72470093,-74.53428853,46.1,0.05,0.05,0,14.15,180.44,0.94,-1.31,-3.4,-2.05
1745,81,44020,40.72469164,-74.53428836,46.1,0.05,0.05,0,15.298,180.4,-0.73,0,-2.16,-1.98
1746,82,44230,40.72468331,-74.53428857,46,0.05,0.05,0,16.625,180.41,-0.38,-0.92,-2.77,-1.97
1747,83,44450,40.72467389,-74.53428833,46,0.05,0.05,0,17.112,180.36,-0.16,-0.64,-2.62,-1.97
1748,84,44590,40.72466869,-74.53428878,46,0.05,0.05,0,17.664,180.41,-0.38,-0.41,-1.94,-1.99
1749,85,44740,40.7246623,-74.53428881,46.1,0.05,0.05,0,18.138,180.43,-0.38,-0.41,-1.94,-2.01
1750,86,44880,40.72465563,-74.53428889,46.1,0.05,0.05,0,18.896,180.46,-0.28,-0.39,-2.02,-1.92
1751,87,45020,40.72464886,-74.53428892,46.1,0.05,0.05,0,19.48,180.45,-0.13,-0.38,-1.27,-1.92
1752,88,45170,40.72464194,-74.534289,46.1,0.05,0.05,0,20.033,180.47,-0.13,-0.38,-1.27,-1.98
1753,89,45310,40.72463496,-74.53428911,46.1,0.05,0.05,0,20.458,180.5,-0.08,-0.07,-0.71,-1.9
1754,90,45460,40.72462801,-74.5342892,46.2,0.05,0.05,0,20.785,180.53,-0.05,-0.04,-0.49,-1.9
1755,91,45600,40.72462096,-74.53428931,46.2,0.05,0.05,0,21.062,180.56,-0.05,-0.04,-0.49,-1.85
1756,92,45740,40.72461364,-74.53428941,46.2,0.05,0.05,0,21.475,180.58,-0.1,-0.23,-0.06,-1.93
1757,93,45890,40.72460604,-74.53428953,46.2,0.05,0.05,0,21.78,180.59,0.06,0.14,-0.11,-1.78
1758,94,46030,40.72459853,-74.53428963,46.3,0.05,0.05,0,22.048,180.62,-0.1,0.11,0.07,-1.68
1759,95,46250,40.72458679,-74.53428982,46.3,0.05,0.05,0,22.292,180.67,0.12,-0.23,0.33,-1.68
1760,96,46390,40.72457916,-74.53428996,46.3,0.05,0.05,0,22.162,180.7,0.1,0.58,0.38,-1.63
1761,97,46540,40.72457117,-74.53429008,46.3,0.05,0.05,0,22.234,180.73,0.1,0.58,0.38,-1.89
1762,98,46680,40.724563,-74.53429019,46.4,0.05,0.05,0,22.419,180.75,0.07,0.38,0.52,-1.61
1763,99,46820,40.72455386,-74.53429026,46.4,0.05,0.05,0,22.982,180.74,-0.08,0.09,0.16,-1.61
1764,100,46970,40.72454427,-74.53429041,46.4,0.05,0.05,0,23.573,180.78,0.06,-0.2,0.21,-1.74
1765,101,47110,40.7245339,-74.53429046,46.4,0.05,0.05,0,24.265,180.78,0.06,-0.2,0.21,-1.8
1766,102,47260,40.72452301,-74.53429061,46.4,0.05,0.05,0,24.97,180.79,0.16,0.53,0.04,-1.8
1767,103,47400,40.72451187,-74.5342907,46.4,0.05,0.05,0,25.77,180.81,-0.22,-0.22,0.01,-1.67
1768,104,47540,40.72450157,-74.53429084,46.4,0.05,0.05,0,26.344,180.8,-0.22,-0.22,0.01,-1.87
1769,105,47690,40.72449132,-74.534291,46.4,0.05,0.05,0,26.723,180.83,0.05,0.1,-0.07,-1.7
1770,106,47830,40.72448091,-74.53429115,46.4,0.05,0.05,0,27.11,180.84,-0.02,-0.11,0.08,-1.7
1771,107,47980,40.7244708,-74.5342914,46.4,0.05,0.05,0,27.28,180.89,0.07,0.21,0.12,-1.79
1772,108,48120,40.72446022,-74.53429165,46.4,0.05,0.05,0,27.504,180.94,0.07,0.21,0.12,-1.52
1773,109,48260,40.72444966,-74.5342919,46.4,0.05,0.05,0,27.83,180.97,-0.07,-0.13,0.14,-1.52
1774,110,48410,40.72443888,-74.53429227,46.4,0.05,0.05,0,28.03,181.03,0.06,0.07,-0.05,-2.02
1775,111,48550,40.7244279,-74.53429252,46.4,0.05,0.05,0,28.286,181.07,0.06,0.07,-0.05,-1.54
1776,112,48700,40.7244172,-74.53429287,46.4,0.05,0.05,0,28.418,181.12,-0.13,0.18,0.26,-1.54
1777,113,48840,40.72440576,-74.53429305,46.4,0.05,0.05,0,28.627,181.15,0.03,0.04,0.17,-1.54
1778,114,48980,40.72439425,-74.53429323,46.4,0.05,0.05,0,28.927,181.18,0.07,0.15,0.02,-1.64
1779,115,49130,40.72438395,-74.53429362,46.4,0.05,0.05,0,28.904,181.23,0.07,0.15,0.02,-1.39
1780,116,49270,40.72437624,-74.53429364,46.4,0.05,0.05,0,28.674,181.27,0.09,-0.15,-0.03,-1.71
1781,117,49420,40.72436651,-74.53429398,46.4,0.05,0.05,0,28.573,181.35,0.29,-0.12,0.51,-1.71
1782,118,49560,40.7243565,-74.53429428,46.4,0.05,0.05,0,28.578,181.4,-0.56,0.96,-0.02,-2.03
1783,119,49700,40.72434643,-74.53429473,46.4,0.05,0.05,0,28.514,181.51,-0.56,0.96,-0.02,-1.32
1784,120,49850,40.72433625,-74.53429509,46.4,0.05,0.05,0,28.497,181.55,0.1,-0.12,-0.01,-1.57
1785,121,49990,40.72432601,-74.53429553,46.4,0.05,0.05,0,28.481,181.67,0.02,-0.13,0,-1.68
1786,122,50210,40.72431064,-74.53429613,46.4,0.05,0.05,0,28.512,181.79,0.03,0.06,0.03,-1.51
1787,123,50420,40.72429519,-74.53429674,46.4,0.05,0.05,0,28.469,181.92,-0.09,0.19,0.07,-1.63
1788,124,50640,40.72427987,-74.53429743,46.4,0.05,0.05,0,28.355,182.05,-0.09,0.19,0.07,-1.64
1789,125,50860,40.7242646,-74.53429817,46.4,0.05,0.05,0,28.392,182.32,-0.06,0.19,0,-1.4
1790,126,51000,40.72425446,-74.53429872,46.4,0.05,0.05,0,28.225,182.51,0.2,0.05,-0.1,-1.73
1791,127,51220,40.72423925,-74.53429974,46.5,0.05,0.05,0,28.145,182.85,-0.08,-0.01,-0.03,-1.65
1792,0,51430,40.72422398,-74.53430089,46.5,0.05,0.05,0,28.14,183.15,0.21,0.03,0.03,-1.64
1793,1,51650,40.72420879,-74.5343021,46.5,0.05,0.05,0,28.053,183.45,-0.18,-0.08,-0.09,-1.54
1794,2,51860,40.72419358,-74.53430338,46.5,0.05,0.05,0,28.296,183.78,0.09,0.1,-0.05,-1.64
1795,3,52080,40.72417835,-74.53430487,46.5,0.05,0.05,0,28.248,184.09,-0.11,-0.17,0.09,-1.64
1796,4,52300,40.72416315,-74.5343063,46.5,0.05,0.05,0,28.335,184.36,0.06,0.21,-0.14,-1.73
1797,5,52510,40.72414792,-74.53430787,46.5,0.05,0.05,0,28.356,184.63,-0.22,0.29,-0.28,-1.35
1798,6,52730,40.7241327,-74.53430983,46.5,0.05,0.05,0,28.276,184.92,0.56,-1.36,0.86,-2.01
1799,7,52940,40.72411746,-74.53431194,46.5,0.05,0.05,0,28.435,185.17,0.1,0.27,-0.2,-1.41
1800,8,53160,40.72410213,-74.53431348,46.5,0.05,0.05,0,28.419,185.23,0.11,0.1,0.43,-1.94
1801,9,53380,40.72408678,-74.53431542,46.5,0.05,0.05,0,28.641,185.43,0.28,-0.07,0.26,-1.61
1802,10,53590,40.72407143,-74.53431748,46.6,0.05,0.05,0,28.422,185.6,0.28,-0.07,0.26,-1.86
1803,11,53810,40.7240562,-74.53431937,46.5,0.05,0.05,0,28.604,185.72,-0.09,-0.03,0.15,-1.58
1804,12,54020,40.72404083,-74.53432141,46.5,0.05,0.05,0,28.576,185.88,0.14,0.12,0.14,-1.71
1805,13,54240,40.72402552,-74.53432359,46.5,0.05,0.05,0,28.431,186.08,0.06,-0.33,0.18,-1.55
1806,14,54460,40.72401026,-74.5343257,46.5,0.05,0.05,0,28.216,186.2,0.12,0.15,0.09,-1.92
1807,15,54670,40.72399519,-74.53432779,46.5,0.05,0.05,0,27.839,186.25,0.05,0.07,0.29,-1.54
1808,16,54890,40.72397348,-74.53433117,45.7,0.05,0.05,0,27.514,186.37,0,-0.01,0.12,-1.38
1809,17,55100,40.72395875,-74.53433332,45.8,0.05,0.05,0,27.194,186.55,-0.04,0.1,0.15,-1.28
1810,18,55320,40.72394427,-74.53433551,45.8,0.05,0.05,0,26.704,186.75,0.07,0.09,0.14,-1.54
1811,19,55540,40.72393014,-74.53433784,45.8,0.05,0.05,0,26.336,187.03,0,-0.02,0.03,-1.42
1812,20,55750,40.7239162,-74.53434011,45.8,0.05,0.05,0,25.949,187.25,-0.09,0.05,0.13,-1.26
1813,21,55970,40.72390257,-74.53434244,45.8,0.05,0.05,0,25.438,187.47,-0.09,0.05,0.13,-1.67
1814,22,56180,40.7238891,-74.53434485,45.8,0.05,0.05,0,25.061,187.71,0.04,0,0.07,-1.27
1815,23,56400,40.72387586,-74.5343473,45.9,0.05,0.05,0,24.532,187.94,-0.02,-0.01,0.03,-1.29
1816,24,56620,40.72386295,-74.53434972,45.9,0.05,0.05,0,24.083,188.23,0.05,0.02,0.03,-1.11
1817,25,56830,40.72385024,-74.5343522,45.9,0.05,0.05,0,23.481,188.52,0.02,0.02,0.44,-0.29
1818,26,57050,40.72383802,-74.53435466,45.9,0.05,0.05,0,22.429,188.76,0.04,0.23,1.03,0.47
1819,27,57260,40.7238267,-74.53435698,45.9,0.05,0.05,0,20.261,188.93,0.27,0.51,1.89,0.9
1820,28,57480,40.72381675,-74.53435906,45.9,0.05,0.05,0,17.513,188.75,0.33,0.27,2.7,0.82
1821,29,57700,40.72380834,-74.53436068,45.9,0.05,0.05,0,14.57,188.39,0.37,0.59,2.68,0.59
1822,30,57910,40.72380153,-74.534362,46,0.05,0.05,0,11.783,188.12,0.18,0.51,2.38,-0.73
1823,31,58130,40.72379603,-74.53436306,46,0.05,0.05,0,10.392,187.99,-0.1,-0.23,-0.32,-1.53
1824,32,58340,40.72379108,-74.53436399,46,0.05,0.05,0,9.806,187.86,-0.1,-0.23,-0.32,-1.8
1825,33,58560,40.72378629,-74.53436481,46,0.05,0.05,0,9.631,187.71,1.02,0.13,0.24,-1.31
1826,34,58780,40.72378188,-74.53436553,46,0.05,0.05,0,8.835,187.45,-1.86,-0.44,-1.79,-1.97
1827,35,58990,40.72377738,-74.53436635,46,0.05,0.05,0,9.36,187.23,-0.31,-0.77,-1.21,-1.9
1828,36,59210,40.7237727,-74.53436717,46,0.05,0.05,0,9.157,186.69,0.97,-0.44,-1.35,-2.04
1829,37,59420,40.72376797,-74.53436778,46,0.05,0.05,0,9.753,186.01,-0.49,-0.54,-1.57,-1.64
1830,38,59640,40.72376282,-74.53436832,46,0.05,0.05,0,10.433,185.32,-2.47,0.9,0.05,-2.31
1831,39,59930,40.72375569,-74.53436924,46,0.05,0.05,0,10.439,184.33,1.62,-1.66,-2.87,-1.98
1832,40,140,40.72374985,-74.53436952,46,0.05,0.05,0,11.615,183.46,-0.81,0.04,-0.91,-2.17
1833,41,360,40.72374356,-74.53436998,46.1,0.05,0.05,0,12.107,182.65,-0.2,-0.51,-1.46,-2.05
1834,42,580,40.72373704,-74.53437013,46.1,0.05,0.05,0,12.822,181.79,-0.33,-0.54,-1.24,-2.11
1835,43,790,40.72373003,-74.53437038,46.1,0.05,0.05,0,13.362,180.77,-0.01,-0.49,-0.79,-2.12
1836,44,1010,40.72372279,-74.53437026,46.1,0.05,0.05,0,13.731,179.66,-0.16,-0.34,-0.74,-2.12
1837,45,1220,40.72371525,-74.53437006,46.1,0.05,0.05,0,13.969,178.52,-0.12,-0.16,-0.26,-2.15
1838,46,1440,40.72370771,-74.53436967,46.1,0.05,0.05,0,13.961,177.33,0.16,-0.15,-0.01,-2.28
1839,47,1660,40.72370021,-74.53436899,46.2,0.05,0.05,0,13.969,175.92,0.12,-0.18,0.02,-2.13
1840,48,1870,40.7236927,-74.53436799,46.2,0.05,0.05,0,14.108,174.25,-0.04,-0.11,-0.01,-2.35
1841,49,2090,40.72368509,-74.5343667,46.2,0.05,0.05,0,14.362,172.24,-0.1,-0.16,0.17,-2.51
1842,50,2300,40.72367731,-74.53436498,46.2,0.05,0.05,0,14.423,169.75,-0.08,-0.28,-0.02,-2.65
1843,51,2520,40.72366966,-74.53436273,46.2,0.05,0.05,0,14.592,166.78,0.49,-0.77,0.8,-2.81
1844,52,2740,40.72366215,-74.53435983,46.2,0.05,0.05,0,14.497,162.87,0.22,-0.61,0.46,-2.95
1845,53,2950,40.72365481,-74.53435616,46.2,0.05,0.05,0,14.562,158.19,-0.1,-1.45,0.61,-2.93
1846,54,3170,40.72364763,-74.53435131,46.2,0.05,0.05,0,14.69,152.53,0.38,-0.69,0.46,3.11
1847,55,3380,40.72364061,-74.5343454,46.3,0.05,0.05,0,14.703,146.18,0.3,-1.89,1.45,-3.12
1848,56,3600,40.72363433,-74.53433837,46.3,0.05,0.05,0,14.542,139.33,0,-0.64,0.71,2.97
1849,57,3820,40.72362838,-74.53433035,46.3,0.05,0.05,0,14.272,131.86,-0.1,-1.05,1.73,3.05
1850,58,4100,40.72362219,-74.53431788,46.3,0.05,0.05,0,13.707,121.35,0.45,-1.71,1.86,2.84
1851,59,4320,40.72361865,-74.5343076,46.3,0.05,0.05,0,13.359,113.17,0.46,-1.95,1.9,3.03
1852,60,4540,40.72361633,-74.53429676,46.4,0.05,0.05,0,12.986,104.5,0.27,-1.63,1.97,3.02
1853,61,4750,40.72361529,-74.53428531,46.3,0.05,0.05,0,12.728,95.83,0.13,-1.49,1.3,2.95
1854,62,4970,40.72361549,-74.53427361,46.3,0.05,0.05,0,12.348,87.14,0.24,-0.56,1.04,2.85
1855,63,5180,40.72361703,-74.53426187,46.3,0.05,0.05,0,12.041,78.47,-0.01,-0.68,0.97,2.89
1856,64,5400,40.72361998,-74.53425045,46.3,0.05,0.05,0,11.761,69.95,0.81,-1.06,1.82,2.93
1857,65,5620,40.72362424,-74.53423965,46.3,0.05,0.05,0,11.358,61.46,0.45,-1.22,1.81,2.97
1858,66,5830,40.72362968,-74.53422949,46.3,0.05,0.05,0,11.32,52.9,0.53,-0.84,1.97,3.05
1859,67,6120,40.72363907,-74.53421728,46.3,0.05,0.05,0,11.069,41.39,0.7,-1.55,2.33,2.99
1860,68,6340,40.72364741,-74.53420968,46.3,0.05,0.05,0,11.059,32.66,0.31,-1.23,2.2,2.98
1861,69,6550,40.72365679,-74.5342036,46.3,0.05,0.05,0,11.245,24.41,0.32,-0.95,1.46,-3
1862,70,6770,40.72366692,-74.53419907,46.4,0.05,0.05,0,11.193,17.06,0.13,-0.27,1.52,-2.65
1863,71,6980,40.72367787,-74.53419601,46.4,0.05,0.05,0,11.338,10.92,0.49,-0.27,1.35,-2.48
1864,72,7200,40.72368946,-74.53419404,46.3,0.05,0.05,0,11.949,6.21,0.12,0.2,0.89,-2.42
1865,73,7420,40.72370169,-74.5341931,46.3,0.05,0.05,0,12.578,2.72,0.37,0.19,0.89,-2.2
1866,74,7630,40.72371447,-74.53419289,46.3,0.05,0.05,0,13.803,0.24,0.29,0.36,0.75,-1.97
1867,75,7850,40.72372774,-74.53419336,46.3,0.05,0.05,0,14.426,358.39,0.29,1.36,0.84,-1.89
1868,76,8060,40.72374136,-74.53419429,46.2,0.05,0.05,0,15.048,357.54,-0.11,1.4,0.39,-2.05
1869,77,8280,40.72375589,-74.53419486,46.1,0.05,0.05,0,16.124,357.04,0.17,1.07,0.6,-1.7
1870,78,8500,40.72377077,-74.53419591,46.1,0.05,0.05,0,17.348,356.87,0.01,1.49,0.6,-1.85
1871,79,8710,40.72378556,-74.53419727,46.1,0.05,0.05,0,19.922,357.12,-0.02,1.04,0.28,-1.68
1872,80,8930,40.72380146,-74.5341992,46.3,0.05,0.05,0,23.721,357.12,-0.01,0.75,0.36,-1.61
1873,81,9140,40.72381834,-74.53419978,46.2,0.05,0.05,0,25.977,357.35,0.09,0.47,0.23,-1.46
1874,82,9360,40.72383519,-74.53419995,46,0.05,0.05,0,28.094,357.72,0.15,0.52,0.34,-1.43
1875,83,9580,40.72385188,-74.53420089,46.1,0.05,0.05,0,29.198,358.21,-0.06,0.37,0.88,-1.43
1876,84,9790,40.72386876,-74.5342009,46,0.05,0.05,0,29.589,358.83,0.14,0.38,0.4,-1.45
1877,85,10010,40.72388559,-74.53420132,46,0.05,0.05,0,29.808,359.32,0.03,0.21,0.67,-1.37
1878,86,10300,40.72390736,-74.53420277,46.5,0.05,0.05,0,30.165,0.04,-0.15,-0.12,0.05,-1.52
1879,87,10510,40.72392429,-74.53420256,46.5,0.05,0.05,0,30.365,0.37,0.24,0.17,0.2,-1.24
1880,88,10730,40.72394124,-74.53420233,46.5,0.05,0.05,0,30.717,0.67,0.24,0.17,0.2,-1.49
1881,89,11020,40.72396377,-74.53420168,46.4,0.05,0.05,0,30.469,0.88,0.17,0.28,0.04,-1.27
1882,90,11230,40.72398059,-74.53420113,46.4,0.05,0.05,0,30.29,1.11,-0.04,-0.04,0.1,-1.65
1883,91,11450,40.72399751,-74.53420031,46.3,0.05,0.05,0,30.265,1.39,0.15,-0.05,0.1,-1.14
1884,92,11660,40.72401418,-74.53419969,46.3,0.05,0.05,0,30.169,1.64,-0.21,-0.05,-0.01,-1.6
1885,93,11880,40.72403073,-74.53419899,46.3,0.05,0.05,0,30.137,1.75,0.18,0.16,-0.04,-1.46
1886,94,12100,40.7240472,-74.53419821,46.3,0.05,0.05,0,29.916,1.86,0.07,-0.08,0.01,-1.43
1887,95,12380,40.7240692,-74.53419701,46.3,0.05,0.05,0,30.012,2.06,-0.17,-0.05,0.05,-1.75
1888,96,12600,40.72408646,-74.53419451,45.8,0.05,0.05,0,29.864,2.12,-0.17,-0.05,0.05,-1.45
1889,97,12820,40.72410288,-74.53419387,45.8,0.05,0.05,0,29.712,2.07,0,-0.37,0.1,-1.44
1890,98,13030,40.72411901,-74.53419301,45.8,0.05,0.05,0,29.747,2.01,0.13,0.29,-0.04,-1.74
1891,99,13250,40.72413527,-74.53419215,45.8,0.05,0.05,0,29.904,1.96,-0.06,-0.12,-0.1,-1.53
1892,100,13460,40.72415156,-74.53419141,45.8,0.05,0.05,0,29.714,1.82,-0.06,-0.09,0.2,-1.39
1893,101,13680,40.72416756,-74.53419056,45.8,0.05,0.05,0,29.592,1.77,0.03,0.07,0.06,-1.5
1894,102,13900,40.7241837,-74.53418994,45.8,0.05,0.05,0,29.417,1.65,-0.11,-0.04,0.09,-1.4
1895,103,14110,40.72419949,-74.53418912,45.8,0.05,0.05,0,29.116,1.52,0.17,0.13,0.07,-1.32
1896,104,14330,40.72421541,-74.53418839,45.8,0.05,0.05,0,28.869,1.44,0.04,-0.08,0.19,-1.23
1897,105,14540,40.72423087,-74.534188,45.8,0.05,0.05,0,28.272,1.26,-0.09,-0.02,-0.06,-1.38
1898,106,14760,40.7242461,-74.5341872,45.8,0.05,0.05,0,27.808,1.18,0.12,0.11,0.21,-1.2
1899,107,14980,40.72426112,-74.53418692,45.8,0.05,0.05,0,27.197,1.01,0.12,0.11,0.21,-1.07
1900,108,15190,40.72427588,-74.53418631,45.8,0.05,0.05,0,26.564,0.91,0.04,0.18,0.28,-0.69
1901,109,15410,40.72429006,-74.53418599,45.9,0.05,0.05,0,25.605,0.86,0.1,0.06,0.4,-0.43
1902,110,15620,40.72430376,-74.5341855,45.9,0.05,0.05,0,24.634,0.73,-0.01,0.07,0.23,-0.73
1903,111,15840,40.72431666,-74.53418526,45.9,0.05,0.05,0,23.526,0.64,0.05,0.07,0.27,-0.38
1904,112,16060,40.72432913,-74.53418497,46,0.05,0.05,0,22.351,0.56,-0.05,0.15,0.15,0.2
1905,113,16270,40.72434086,-74.53418461,45.9,0.05,0.05,0,20.675,0.46,0.15,0.21,0.39,0.35
1906,114,16490,40.72435157,-74.5341845,46,0.05,0.05,0,18.758,0.43,0.03,0.24,1.27,0.34
1907,115,16700,40.7243607,-74.53418457,46.1,0.05,0.05,0,16.75,0.41,0.03,0.02,0.93,0.15
1908,116,16920,40.72437002,-74.53418405,45.9,0.05,0.05,0,14.75,0.36,0.09,0.36,0.88,0.24
1909,117,17140,40.72437755,-74.53418388,46,0.05,0.05,0,12.998,0.37,-0.1,0.11,0.42,0.51
1910,118,17350,40.72438395,-74.53418378,45.9,0.05,0.05,0,10.814,0.36,0.15,0.15,0.58,0.19
1911,119,17570,40.72438882,-74.53418402,46,0.05,0.05,0,8.667,0.36,-0.02,-0.07,0.12,0.37
1912,120,17780,40.7243925,-74.53418411,46.1,0.05,0.05,0,6.685,0.36,-0.04,0.07,-0.04,-0.7
1913,121,18000,40.7243952,-74.53418423,46.1,0.05,0.05,0,5.627,0.34,0.02,-0.52,-1.87,-1.28
1914,122,18220,40.72439813,-74.53418448,46.2,0.05,0.05,0,5.16,0.35,-0.01,-0.43,-1.68,-1.94
1915,123,18430,40.72440038,-74.53418488,46.3,0.05,0.05,0,5.281,0.34,-1.22,-0.72,-2.63,-2
1916,124,18650,40.72440308,-74.53418498,46.4,0.05,0.05,0,6.11,0.34,-0.61,-1.04,-2.89,-1.86
1917,125,18860,40.72440662,-74.53418476,46.3,0.05,0.05,0,6.299,0.29,0.66,-0.22,-2.28,-1.91
1918,126,19080,40.72441002,-74.53418489,46.4,0.05,0.05,0,6.775,0.28,-0.47,-0.74,-2.22,-1.96
1919,127,19300,40.72441398,-74.5341849,46.4,0.05,0.05,0,7.394,0.29,-0.36,-0.55,-2.37,-1.8
1920,0,19510,40.72441849,-74.53418455,46.3,0.05,0.05,0,7.965,0.27,0.3,-0.53,-2.51,-1.81
1921,1,19660,40.72442217,-74.53418399,46.3,0.05,0.05,0,8.133,0.29,-0.87,-0.33,-1.38,-2.05
1922,2,19870,40.72442629,-74.53418435,46.3,0.05,0.05,0,8.634,0.31,-0.87,-0.86,-1.9,-1.94
1923,3,20020,40.72442995,-74.53418396,46.3,0.05,0.05,0,9.426,0.24,0.71,-0.3,-2.56,-1.94
1924,4,20230,40.72443498,-74.53418439,46.4,0.05,0.05,0,10.357,0.26,-0.7,-0.67,-2.53,-2.04
1925,5,20450,40.72444032,-74.5341853,46.5,0.05,0.05,0,11.671,0.24,-0.17,-0.73,-2.45,-2.05
1926,6,20660,40.72444706,-74.53418524,46.6,0.05,0.05,0,12.995,0.23,-0.27,-0.61,-2.31,-2.11
1927,7,20880,40.7244545,-74.53418515,46.6,0.05,0.05,0,14.244,0.26,-0.59,-0.54,-2.18,-2.1
1928,8,21020,40.72445992,-74.53418505,46.6,0.05,0.05,0,15.129,0.29,-0.07,-0.5,-1.39,-1.96
1929,9,21240,40.72446849,-74.53418492,46.6,0.05,0.05,0,15.861,0.29,-0.11,0.07,-0.72,-1.91
1930,10,21380,40.72447443,-74.53418474,46.6,0.05,0.05,0,16.187,0.33,-0.11,0.07,-0.72,-1.89
1931,11,21530,40.72448051,-74.53418455,46.6,0.05,0.05,0,16.6,0.37,-0.22,0,-0.41,-1.84
1932,12,21670,40.72448662,-74.53418431,46.5,0.05,0.05,0,16.881,0.43,-0.07,-0.17,-0.53,-1.83
1933,13,21820,40.72449256,-74.53418423,46.6,0.05,0.05,0,17.045,0.48,-0.07,-0.17,-0.53,-1.89
1934,14,21960,40.72449865,-74.53418408,46.6,0.05,0.05,0,17.362,0.5,-0.17,0.27,-0.27,-1.9
1935,15,22100,40.72450367,-74.53418388,46.5,0.05,0.05,0,17.3,0.5,-0.05,-0.03,-0.3,-1.89
1936,16,22250,40.72450907,-74.53418384,46.6,0.05,0.05,0,17.51,0.53,-0.05,-0.03,-0.3,-1.91
1937,17,22390,40.72451459,-74.53418366,46.6,0.05,0.05,0,17.641,0.56,-0.03,-0.05,-0.29,-1.91
1938,18,22540,40.72452088,-74.53418352,46.6,0.05,0.05,0,17.99,0.57,-0.05,-0.09,-0.17,-1.92
1939,19,22680,40.72452761,-74.53418333,46.6,0.05,0.05,0,18.39,0.61,-0.09,0.01,-0.08,-1.97
1940,20,22820,40.72453488,-74.53418305,46.6,0.05,0.05,0,18.738,0.66,-0.09,0.01,-0.08,-1.71
1941,21,22970,40.72454225,-74.53418285,46.6,0.05,0.05,0,19.045,0.71,-0.04,0.11,-0.01,-1.71
1942,22,23110,40.72455019,-74.5341822,46.4,0.05,0.05,0,19.285,0.77,-0.04,0.06,0.16,-1.71
1943,23,23260,40.72455841,-74.53418175,46.4,0.05,0.05,0,19.628,0.83,0.06,0.14,0.15,-1.76
1944,24,23400,40.72456739,-74.53418027,46.1,0.05,0.05,0,19.875,0.87,0.06,0.14,0.15,-1.72
1945,25,23540,40.72457734,-74.53417987,46,0.05,0.05,0,20.51,0.96,-0.16,0.12,0.03,-1.71
1946,26,23690,40.72458796,-74.53417913,45.9,0.05,0.05,0,21.077,1.02,0.1,-0.1,0.18,-1.72
1947,27,23830,40.72459819,-74.5341787,45.9,0.05,0.05,0,21.563,1.08,0.04,0.18,0.29,-1.56
1948,28,23980,40.72460805,-74.53417833,45.8,0.05,0.05,0,21.957,1.15,0.04,0.18,0.29,-1.6
1949,29,24120,40.72461732,-74.53417803,45.8,0.05,0.05,0,22.21,1.19,0.22,-0.1,0.18,-1.65
1950,30,24260,40.72462646,-74.53417771,45.8,0.05,0.05,0,22.46,1.25,-0.09,0.16,0.13,-1.65
1951,31,24410,40.7246351,-74.53417738,45.8,0.05,0.05,0,22.584,1.29,0.12,-0.03,0.01,-1.59
1952,32,24550,40.72464286,-74.53417696,45.7,0.05,0.05,0,22.538,1.34,0.12,-0.03,0.01,-1.6
1953,33,24700,40.72465065,-74.53417647,45.7,0.05,0.05,0,22.491,1.38,-0.11,0.07,0.19,-1.43
1954,34,24840,40.72465811,-74.53417583,45.5,0.05,0.05,0,22.35,1.42,0.08,0.07,0.16,-1.43
1955,35,24980,40.72466553,-74.53417551,45.5,0.05,0.05,0,22.171,1.47,0.08,-0.04,0.06,-1.53
1956,36,25130,40.72467348,-74.534175,45.5,0.05,0.05,0,22.127,1.52,0.08,-0.04,0.06,-1.56
1957,37,25270,40.72468137,-74.53417474,45.5,0.05,0.05,0,22.08,1.55,-0.05,0.03,0.06,-1.56
1958,38,25420,40.72468982,-74.53417476,45.6,0.05,0.05,0,22.189,1.55,0.13,-0.05,-0.06,-1.69
1959,39,25560,40.72469768,-74.53417502,45.7,0.05,0.05,0,22.153,1.54,0.13,-0.05,-0.06,-1.66
1960,40,25700,40.72470572,-74.5341753,45.9,0.05,0.05,0,22.159,1.51,-0.18,-0.05,-0.01,-1.62
1961,41,25850,40.72471408,-74.53417712,46,0.05,0.05,0,22.203,1.28,0.03,0.05,-0.06,-1.63
1962,42,25990,40.72472308,-74.53417749,46.1,0.05,0.05,0,22.244,1.23,0.03,-0.08,0.03,-1.64
1963,43,26210,40.72473584,-74.5341775,46.2,0.05,0.05,0,22.242,1.21,-0.04,0.14,0,-1.64
1964,44,26350,40.7247445,-74.53417754,46.3,0.05,0.05,0,22.349,1.18,0.08,-0.11,-0.08,-1.6
1965,45,26500,40.72475304,-74.5341775,46.4,0.05,0.05,0,22.335,1.13,0.08,-0.11,-0.08,-1.63
1966,46,26710,40.72476549,-74.53417722,46.5,0.05,0.05,0,22.323,1.12,-0.09,0.08,0.01,-1.62
1967,47,26860,40.72477378,-74.53417707,46.5,0.05,0.05,0,22.334,1.11,-0.08,0.01,-0.01,-1.61
1968,48,27070,40.7247871,-74.534177,46.6,0.05,0.05,0,22.416,1.07,-0.08,0.01,-0.01,-1.64
1969,49,27290,40.72479944,-74.53417671,46.7,0.05,0.05,0,22.391,1.04,0.07,-0.2,0.11,-1.62
1970,50,27500,40.72481156,-74.53417639,46.7,0.05,0.05,0,22.367,1.03,-0.12,0.16,-0.15,-1.57
1971,51,27720,40.72482366,-74.53417607,46.7,0.05,0.05,0,22.392,1.02,0.31,-0.13,0.04,-1.53
1972,52,27940,40.72483547,-74.53417571,46.8,0.05,0.05,0,22.22,0.94,-0.36,0.06,0.06,-1.52
1973,53,28150,40.72484737,-74.53417538,46.8,0.05,0.05,0,22.138,0.72,0.19,-0.14,-0.08,-1.49
1974,54,28370,40.72485901,-74.53417515,46.8,0.05,0.05,0,21.892,0.49,-0.28,0.01,0.15,-1.41
1975,55,28580,40.72487063,-74.53417494,46.8,0.05,0.05,0,21.727,0.32,0.35,0.33,0.11,-1.53
1976,56,28800,40.72488234,-74.53417476,46.8,0.05,0.05,0,21.695,0.29,-0.09,-0.02,-0.07,-1.27
1977,57,29020,40.7248939,-74.53417456,46.8,0.05,0.05,0,21.462,0.45,0.09,0.27,0.1,-0.95
1978,58,29230,40.72490544,-74.53417427,46.8,0.05,0.05,0,21.019,0.8,0.28,0.46,0.57,-0.6
1979,59,29450,40.72491659,-74.53417388,46.8,0.05,0.05,0,20.265,1.28,0.1,0.22,0.76,-0.73
1980,60,29660,40.72492711,-74.5341734,46.8,0.05,0.05,0,19.331,1.86,0.1,0.38,0.54,-0.43
1981,61,29880,40.72493724,-74.53417278,46.7,0.05,0.05,0,18.22,2.56,0.23,0.4,1.01,0.08
1982,62,30100,40.7249467,-74.53417207,46.7,0.05,0.05,0,16.742,3.42,0.13,0.5,1.35,-0.05
1983,63,30310,40.7249525,-74.53416514,45.8,0.05,0.05,0,15.165,4.34,0.17,0.53,0.98,-0.05
1984,64,30530,40.72495998,-74.53416412,45.7,0.05,0.05,0,13.667,5.35,0.14,0.25,0.85,0.13
1985,65,30740,40.72496664,-74.53416301,45.7,0.05,0.05,0,12.033,6.32,0.11,0.12,0.69,0.19
1986,66,30960,40.7249724,-74.53416211,45.7,0.05,0.05,0,10.391,7.2,0.09,-0.12,0.29,0.24
1987,67,31180,40.7249772,-74.53416123,45.7,0.05,0.05,0,8.743,7.93,0.09,-0.12,0.29,0.19
1988,68,31390,40.724981,-74.53416041,45.7,0.05,0.05,0,7.043,8.51,0.08,-0.02,0.24,-0.79
1989,69,31610,40.72498397,-74.53415957,45.7,0.05,0.05,0,6.218,8.99,0.29,-0.7,-1.16,-2.02
1990,70,31820,40.72498679,-74.53415902,45.7,0.05,0.05,0,6.237,9.42,-1.25,-0.95,-2.13,-1.24
1991,71,32040,40.72498989,-74.53415853,45.7,0.05,0.05,0,6.802,9.88,-1.06,-0.32,-2.77,-1.8
1992,72,32330,40.72499443,-74.53415706,45.6,0.05,0.05,0,6.942,10.74,1.44,-0.6,-0.97,-1.62
1993,73,32540,40.7249978,-74.53415597,45.6,0.05,0.05,0,7.247,11.47,-0.79,-0.57,-1.73,-1.61
1994,74,32760,40.72500179,-74.53415517,45.5,0.05,0.05,0,7.561,12.29,0.4,0.15,-1.67,-1.51
1995,75,32980,40.72500557,-74.53415394,45.6,0.05,0.05,0,7.769,13.19,-0.68,-1.29,-0.88,-1.36
1996,76,33190,40.7250094,-74.5341523,45.6,0.05,0.05,0,7.652,14.3,-1.07,0.15,-1.31,-1.44
1997,77,33410,40.72501333,-74.53415085,45.5,0.05,0.05,0,8.354,15.26,0.97,-0.63,-2.44,-1.9
1998,78,33620,40.72501808,-74.5341489,45.5,0.05,0.05,0,8.978,17.06,-0.64,-0.41,-1.47,-1.66
1999,79,33840,40.72502266,-74.53414664,45.5,0.05,0.05,0,9.712,19.2,-0.16,-0.14,-1.79,-1.64
2000,80,34060,40.72502796,-74.53414387,45.5,0.05,0.05,0,10.612,21.69,-0.38,-0.01,-1.89,-1.63
2001,81,34270,40.72503353,-74.53414032,45.5,0.05,0.05,0,11.434,24.57,-0.16,0.04,-1.55,-1.5
2002,82,34490,40.7250394,-74.53413623,45.5,0.05,0.05,0,12.149,27.64,0.07,-0.11,-0.97,-1.45
2003,83,34700,40.72504546,-74.53413138,45.4,0.05,0.05,0,12.838,30.85,-0.04,0.09,-0.58,-1.37
2004,84,34920,40.72505173,-74.53412579,45.4,0.05,0.05,0,13.51,34.1,-0.13,0.19,-0.33,-1.44
2005,85,35140,40.72505804,-74.53411935,45.4,0.05,0.05,0,14.181,37.35,-0.02,0.06,0.02,-1.38
2006,86,35350,40.72506443,-74.53411219,45.3,0.05,0.05,0,14.835,40.53,-0.01,0.32,-0.08,-1.37
2007,87,35640,40.72507269,-74.53410144,45.3,0.05,0.05,0,15.524,44.69,0.01,-0.1,0.06,-1.4
2008,88,35860,40.72507894,-74.53409273,45.3,0.05,0.05,0,16.476,47.64,-0.12,0.03,-0.09,-1.46
2009,89,36070,40.7250851,-74.53408313,45.3,0.05,0.05,0,17.546,50.48,0.21,0.14,-0.09,-1.45
2010,90,36360,40.7250931,-74.53406878,45.3,0.05,0.05,0,18.831,53.93,0.02,-0.2,0.12,-1.52
2011,91,36580,40.72509898,-74.53405743,45.2,0.05,0.05,0,19.392,55.91,-0.12,-0.13,0.16,-1.51
2012,92,36790,40.72510462,-74.53404551,45.2,0.05,0.05,0,19.887,57.31,0.43,-0.42,0.37,-1.57
2013,93,37010,40.72511036,-74.5340333,45.2,0.05,0.05,0,20.397,58.14,0.07,-0.39,0.55,-1.57
2014,94,37220,40.72511612,-74.53402088,45.2,0.05,0.05,0,20.566,58.62,0.22,-0.19,0.35,-1.54
2015,95,37440,40.72512188,-74.5340082,45.2,0.05,0.05,0,20.666,58.97,0.05,-0.31,0.53,-1.5
2016,96,37660,40.72512765,-74.5339956,45.2,0.05,0.05,0,20.538,58.78,0.25,-0.42,0.85,-1.82
2017,97,37870,40.72513342,-74.5339832,45.2,0.05,0.05,0,20.224,58.18,0.19,-0.38,0.88,-2.19
2018,98,38090,40.72513927,-74.53397118,45.2,0.05,0.05,0,19.974,56.96,-0.14,-0.78,0.7,-2.99
2019,99,38300,40.72514533,-74.53395941,45.2,0.05,0.05,0,19.733,54.95,-0.04,-1.14,0.85,-2.32
2020,100,38520,40.72515172,-74.5339482,45.2,0.05,0.05,0,19.344,52.38,-0.04,-1.14,0.85,-2.57
2021,101,38740,40.72515834,-74.53393745,45.2,0.05,0.05,0,19.212,49.71,0.06,-0.86,0.55,-2.4
2022,102,38950,40.72516524,-74.5339274,45.1,0.05,0.05,0,19.003,47.02,0.12,-0.45,0.09,-2.61
2023,103,39170,40.72517256,-74.53391774,45.1,0.05,0.05,0,19.096,44.23,0.09,-0.45,0.2,-2.58
2024,104,39380,40.72518024,-74.53390842,45.1,0.05,0.05,0,19.187,41.2,0.07,-0.11,0.12,-2.72
2025,105,39600,40.72518848,-74.53389976,45.1,0.05,0.05,0,19.285,38.11,0.04,-0.31,0.23,-2.5
2026,106,39890,40.72520001,-74.5338891,45.2,0.05,0.05,0,19.576,33.99,0.02,-0.24,0.22,-2.78
2027,107,40100,40.72520906,-74.53388163,45.2,0.05,0.05,0,19.69,30.67,-0.23,-0.2,0.12,-2.4
2028,108,40320,40.72521848,-74.53387493,45.2,0.05,0.05,0,19.761,27.36,0.23,0.35,0.08,-2.74
2029,109,40540,40.72522814,-74.53386885,45.2,0.05,0.05,0,19.848,24.17,-0.01,-0.07,0.35,-2.56
2030,110,40750,40.72523828,-74.5338635,45.2,0.05,0.05,0,19.975,21.18,0.04,0.21,0,-2.51
2031,111,40970,40.72524872,-74.53385845,45.1,0.05,0.05,0,20.066,18.3,-0.08,0.08,0.04,-2.51
2032,112,41180,40.72525928,-74.53385435,45.2,0.05,0.05,0,20.379,15.59,0,-0.12,0.26,-2.52
2033,113,41400,40.72527019,-74.53385083,45.2,0.05,0.05,0,20.539,12.83,0.24,0.21,0.23,-2.63
2034,114,41620,40.72528097,-74.53384801,45.2,0.05,0.05,0,20.415,10.07,0.23,0.03,0.07,-2.82
2035,115,41900,40.72529552,-74.53384523,45.2,0.05,0.05,0,20.233,6.37,-0.17,-0.01,0.21,-2.75
2036,116,42120,40.72530658,-74.53384413,45.2,0.05,0.05,0,20.349,3.42,0.2,-0.03,0.37,-2.9
2037,117,42340,40.72531751,-74.53384383,45.2,0.05,0.05,0,20.221,0.26,-0.11,0.01,0.35,-2.69
2038,118,42550,40.72532834,-74.53384427,45.2,0.05,0.05,0,19.922,356.9,-0.01,-0.05,0.04,-2.96
2039,119,42770,40.7253392,-74.53384564,45.2,0.05,0.05,0,19.888,353.4,0.02,-0.21,0.23,-2.88
2040,120,42980,40.72535001,-74.53384783,45.3,0.05,0.05,0,19.844,349.98,-0.05,0.22,0.33,-3.01
2041,121,43200,40.72536056,-74.53385075,45.3,0.05,0.05,0,19.785,346.52,-0.05,0.07,-0.07,-2.9
2042,122,43420,40.72537098,-74.53385453,45.3,0.05,0.05,0,19.591,342.86,-0.14,0.05,0.15,-2.96
2043,123,43630,40.7253811,-74.53385919,45.3,0.05,0.05,0,19.63,339,0.36,-0.48,0.22,-2.89
2044,124,43920,40.72539421,-74.53386692,45.3,0.05,0.05,0,19.714,333.68,-0.08,0.04,0.22,-2.82
2045,125,44140,40.72540372,-74.53387371,45.3,0.05,0.05,0,19.817,329.64,0.18,-0.08,0.21,-2.82
2046,126,44350,40.7254129,-74.5338814,45.3,0.05,0.05,0,20.053,325.75,-0.02,0.17,0.23,-2.82
2047,127,44570,40.72542166,-74.53388998,45.3,0.05,0.05,0,20.038,321.78,0.1,-0.08,0.13,-2.82
2048,0,44780,40.72543009,-74.53389924,45.3,0.05,0.05,0,20.076,317.9,-0.08,0.01,0.18,-2.86
2049,1,45000,40.72543801,-74.53390939,45.3,0.05,0.05,0,20.314,314.05,0.14,0.09,0.16,-2.68
2050,2,45220,40.7254455,-74.5339202,45.3,0.05,0.05,0,20.294,310.28,0.16,0.08,0.41,-2.81
2051,3,45430,40.72545245,-74.53393175,45.3,0.05,0.05,0,20.627,306.72,0.43,0.2,0.17,-2.6
2052,4,45650,40.72545894,-74.53394387,45.3,0.05,0.05,0,20.848,303.35,-0.19,0.04,0.24,-2.41
2053,5,45940,40.72546686,-74.53396091,45.3,0.05,0.05,0,21.174,299.23,-0.02,0.5,-0.05,-2.41
2054,6,46150,40.72547226,-74.5339743,45.3,0.05,0.05,0,21.332,296.48,0.06,0.23,0.14,-2.18
2055,7,46370,40.72547725,-74.53398809,45.3,0.05,0.05,0,21.505,293.95,-0.09,0.33,0.2,-2.37
2056,8,46580,40.72548181,-74.53400223,45.3,0.05,0.05,0,21.558,291.73,0.07,0.22,0.09,-1.94
2057,9,46800,40.72548611,-74.53401672,45.3,0.05,0.05,0,21.746,289.85,0.05,0.45,0.09,-2.11
2058,10,47020,40.72549019,-74.53403148,45.3,0.05,0.05,0,22.043,288.48,-0.02,0.28,-0.01,-1.89
2059,11,47300,40.72549522,-74.53405148,45.3,0.05,0.05,0,22.349,287.21,0.18,0.32,0.15,-1.66
2060,12,47520,40.72549888,-74.5340666,45.3,0.05,0.05,0,22.413,286.69,-0.06,0.55,-0.18,-1.46
2061,13,47740,40.72550253,-74.53408188,45.3,0.05,0.05,0,22.65,286.96,-0.05,0.99,0.03,-1.53
2062,14,48020,40.72550784,-74.53410224,45.3,0.05,0.05,0,22.666,287.98,0.14,0.44,0,-1.61
2063,15,48310,40.72551335,-74.5341225,45.4,0.05,0.05,0,22.773,289.34,0.12,0.42,0.12,-1.61
2064,16,48530,40.72551773,-74.5341377,45.4,0.05,0.05,0,22.996,290.62,0.04,0.39,0,-1.41
2065,17,48740,40.72552241,-74.53415275,45.4,0.05,0.05,0,23.014,292.13,-0.16,0.23,-0.04,-1.47
2066,18,48960,40.72552737,-74.53416758,45.4,0.05,0.05,0,22.844,293.82,-0.09,0.48,-0.05,-1.41
2067,19,49180,40.72553273,-74.5341823,45.5,0.05,0.05,0,22.804,295.54,0.19,0.01,0.35,-1.58
2068,20,49390,40.72553841,-74.53419675,45.5,0.05,0.05,0,22.827,297.2,-0.13,-0.17,-0.35,-1.61
2069,21,49610,40.72554433,-74.53421107,45.5,0.05,0.05,0,23.086,298.64,0.32,-0.19,0.06,-1.53
2070,22,49820,40.72555062,-74.53422516,45.5,0.05,0.05,0,23.196,299.92,-0.56,-0.24,-0.57,-1.76
2071,23,50110,40.72555932,-74.53424422,45.6,0.05,0.05,0,23.76,301.22,-0.09,-0.77,-0.21,-1.73
2072,24,50400,40.72556843,-74.53426353,45.6,0.05,0.05,0,24.33,302,-0.09,-0.77,-0.21,-1.79
2073,25,50620,40.72557557,-74.53427822,45.6,0.05,0.05,0,24.708,302.59,-0.11,-0.65,-0.18,-1.75
2074,26,50830,40.725583,-74.53429318,45.7,0.05,0.05,0,25.362,303.02,0.01,-0.22,-0.23,-1.74
2075,27,51050,40.72559056,-74.53430821,45.7,0.05,0.05,0,25.646,303.42,0.04,-0.4,0.08,-1.86
2076,28,51260,40.72559851,-74.53432352,45.7,0.05,0.05,0,26.066,303.38,0.15,-0.28,-0.01,-1.92
2077,29,51480,40.72560646,-74.5343392,45.7,0.05,0.05,0,26.488,303.2,-0.14,-0.19,0,-1.53
2078,30,51700,40.72561429,-74.53435499,45.8,0.05,0.05,0,26.629,302.87,-0.1,-0.18,0.81,-1.8
2079,31,51910,40.72562205,-74.5343707,45.8,0.05,0.05,0,26.116,302.38,-0.12,-0.29,0.76,-1.86
2080,32,52200,40.72563211,-74.53439169,45.8,0.05,0.05,0,25.95,301.56,0.26,-0.17,0.71,-2
2081,33,52420,40.72563961,-74.5344074,45.8,0.05,0.05,0,25.822,300.79,-0.02,-0.23,0.36,-1.98
2082,34,52630,40.72564665,-74.53442307,45.9,0.05,0.05,0,25.694,299.96,0.21,-0.45,0.14,-2.08
2083,35,52850,40.72565355,-74.53443899,45.8,0.05,0.05,0,25.834,298.77,-0.12,-0.33,0.33,-2.46
2084,36,53060,40.72566024,-74.53445509,45.8,0.05,0.05,0,25.805,297.26,0.1,0.06,0.03,-2.46
2085,37,53280,40.72566634,-74.53447172,45.9,0.05,0.05,0,25.642,295.81,0.12,-0.36,0.06,-2.36
2086,38,53500,40.72567213,-74.53448839,46,0.05,0.05,0,25.911,294.22,0.12,-0.14,0.13,-2.37
2087,39,53710,40.72567767,-74.53450544,46,0.05,0.05,0,26.044,292.51,-0.06,-0.01,0.11,-2.28
2088,40,53930,40.72568281,-74.53452241,46,0.05,0.05,0,26.064,290.74,-0.04,-0.06,0.06,-2.56
2089,41,54140,40.72568763,-74.53453955,46,0.05,0.05,0,25.829,289.03,-0.04,0.01,0.17,-2.75
2090,42,54360,40.72569195,-74.53455685,46,0.05,0.05,0,25.951,286.85,0.69,-0.01,0.29,-2.53
2091,43,54580,40.72569569,-74.53457437,46,0.05,0.05,0,25.692,284.63,0.69,-0.01,0.29,-2.83
2092,44,54790,40.72569884,-74.53459202,46,0.05,0.05,0,25.515,282.41,0.22,0.16,0.15,-2.32
2093,45,55010,40.72570146,-74.53460928,46,0.05,0.05,0,25.201,280.44,0.17,0.15,0.6,-2.28
2094,46,55220,40.72570313,-74.53462604,46.1,0.05,0.05,0,24.633,278.62,0.12,1.06,1.71,0.47
2095,47,55440,40.72570448,-74.53464225,46.1,0.05,0.05,0,23.07,277.08,0.52,0.89,2.3,0.76
2096,48,55660,40.72570676,-74.53465954,46,0.05,0.05,0,20.765,275.69,0.43,1.45,3.05,0.6
2097,49,55870,40.72570768,-74.53467333,46,0.05,0.05,0,18.156,274.48,0.29,1.49,2.9,0.55
2098,50,56090,40.72570823,-74.53468462,46,0.05,0.05,0,15.135,273.53,0.36,1.6,3.25,0.53
2099,51,56300,40.72570854,-74.53469361,46,0.05,0.05,0,12.209,272.87,0.46,1.82,2.93,0.21
2100,52,56520,40.72570888,-74.53470081,46,0.05,0.05,0,9.82,272.41,0.2,1.06,1.54,-1.16
2101,53,56740,40.72570924,-74.53470716,46,0.05,0.05,0,9.132,272.07,1.33,0.64,-0.19,-1.56
2102,54,56950,40.72570936,-74.53471223,46.1,0.05,0.05,0,8.464,271.8,-2.54,-0.01,-2.07,-2.04
2103,55,57170,40.72570937,-74.53471989,46.1,0.05,0.05,0,9.084,271.6,0.54,0.23,-1.29,-1.19
2104,56,57380,40.72570952,-74.53472632,46.1,0.05,0.05,0,8.632,271.39,0.23,0.34,-1.22,-1.78
2105,57,57600,40.72570971,-74.53473221,46,0.05,0.05,0,8.686,271.26,-0.11,0.2,-1.21,-1.78
2106,58,57820,40.72570978,-74.53473814,46,0.05,0.05,0,8.768,271.15,0.7,0.12,-1.7,-1.61
2107,59,58030,40.72570975,-74.53474397,46.1,0.05,0.05,0,8.704,271.05,-1.65,0.5,-0.73,-2.09
2108,60,58250,40.72570985,-74.53474962,46,0.05,0.05,0,9.07,270.98,0.06,-0.47,-1.75,-1.96
2109,61,58460,40.72570984,-74.53475644,46.1,0.05,0.05,0,9.968,270.73,0.17,0.33,-2.23,-2.1
2110,62,58680,40.72571005,-74.5347637,46.1,0.05,0.05,0,11.007,270.53,-0.14,-0.29,-2,-2.08
2111,63,58900,40.72571008,-74.53477212,46.1,0.05,0.05,0,12.305,270.32,-0.33,-0.13,-2.28,-2.06
2112,64,59110,40.72571002,-74.53478075,46.1,0.05,0.05,0,13.449,270.11,-0.22,0,-1.16,-2.02
2113,65,59330,40.72571006,-74.5347909,46.1,0.05,0.05,0,14.421,269.96,-0.22,0,-1.16,-2.06
2114,66,59540,40.72570952,-74.53479982,46.3,0.05,0.05,0,15.357,269.89,-0.12,0.02,-0.57,-2.03
2115,67,59760,40.72570992,-74.53481225,46.2,0.05,0.05,0,16.272,269.84,-0.12,0.02,-0.57,-1.97
2116,68,59900,40.72570983,-74.5348201,46.2,0.05,0.05,0,16.939,269.79,0.1,-0.17,-0.3,-2.05
2117,69,120,40.72570969,-74.53483238,46.3,0.05,0.05,0,17.971,269.79,0.06,0.01,-0.1,-2.03
2118,70,340,40.72570946,-74.53484488,46.3,0.05,0.05,0,18.863,269.72,-0.02,0.2,0.23,-1.91
2119,71,550,40.72570882,-74.53485933,46.5,0.05,0.05,0,19.589,269.58,-0.02,0.2,0.23,-2.01
2120,72,770,40.72570875,-74.53487337,46.6,0.05,0.05,0,20.112,269.67,0.04,0.01,0.1,-1.95
2121,73,910,40.72570869,-74.53488274,46.6,0.05,0.05,0,20.4,269.72,-0.08,0.1,-0.06,-1.94
2122,74,1060,40.72570864,-74.5348925,46.6,0.05,0.05,0,20.891,269.78,0.12,0.02,0.1,-2.04
2123,75,1200,40.72570862,-74.53490226,46.7,0.05,0.05,0,21.298,269.85,0.12,0.02,0.1,-2.01
2124,76,1340,40.72570858,-74.53491245,46.7,0.05,0.05,0,21.771,269.92,-0.08,0.1,-0.07,-1.96
2125,77,1490,40.72570854,-74.53492277,46.7,0.05,0.05,0,22.148,269.97,0.02,-0.08,0.11,-1.95
2126,78,1630,40.72570849,-74.53493383,46.7,0.05,0.05,0,22.768,270.01,0,0.07,0.11,-1.96
2127,79,1780,40.72570848,-74.53494492,46.8,0.05,0.05,0,23.239,270,0,0.07,0.11,-2.11
2128,80,1920,40.72570848,-74.5349561,46.8,0.05,0.05,0,23.66,269.91,0.04,-0.08,0.13,-2.04
2129,81,2060,40.72570844,-74.53496727,46.8,0.05,0.05,0,24.011,269.8,-0.07,-0.04,0.06,-1.96
2130,82,2280,40.72570836,-74.53498446,46.8,0.05,0.05,0,24.55,269.68,0.06,-0.15,0.13,-1.96
2131,83,2420,40.7257083,-74.53499644,46.9,0.05,0.05,0,24.963,269.59,-0.13,0.08,0.13,-1.94
2132,84,2640,40.72570817,-74.53501427,46.9,0.05,0.05,0,25.519,269.44,0.05,0.09,-0.07,-1.94
2133,85,2780,40.7257081,-74.53502694,46.9,0.05,0.05,0,26.008,269.37,0.05,0.09,-0.07,-1.98
2134,86,2930,40.72570802,-74.53503956,46.9,0.05,0.05,0,26.443,269.3,-0.04,-0.02,0,-2.06
2135,87,3070,40.72570784,-74.53505165,46.9,0.05,0.05,0,26.788,269.21,0.09,0.02,0.05,-1.87
2136,88,3220,40.72570772,-74.53506458,47,0.05,0.05,0,27.15,269.13,-0.01,-0.06,0.13,-1.87
2137,89,3360,40.72570759,-74.53507778,47,0.05,0.05,0,27.538,269.09,-0.01,-0.06,0.13,-1.9
2138,90,3500,40.72570746,-74.53509158,47,0.05,0.05,0,28.068,269.12,0,0.1,0.09,-1.81
2139,91,3650,40.72570773,-74.53510652,46.9,0.05,0.05,0,28.616,269.18,0,-0.01,-0.15,-1.81
2140,92,3790,40.72570759,-74.53512029,46.9,0.05,0.05,0,29.073,269.22,0,-0.01,-0.15,-2.03
2141,93,3940,40.72570743,-74.53513441,46.9,0.05,0.05,0,29.515,269.24,-0.12,0.13,-0.01,-1.93
2142,94,4080,40.7257073,-74.53514845,46.9,0.05,0.05,0,29.886,269.22,0,0.12,-0.03,-1.93
2143,95,4220,40.72570717,-74.53516239,46.9,0.05,0.05,0,30.198,269.2,0.06,-0.31,-0.11,-2
2144,96,4370,40.72570701,-74.53517692,46.9,0.05,0.05,0,30.659,269.22,-0.15,0.17,0,-1.84
2145,97,4510,40.72570685,-74.53519153,46.9,0.05,0.05,0,31.051,269.24,0.01,-0.04,0.03,-1.89
2146,98,4730,40.72570697,-74.53521505,46.9,0.05,0.05,0,31.738,269.31,0.01,-0.04,0.03,-1.81
2147,99,4870,40.72570699,-74.53523033,46.9,0.05,0.05,0,32.017,269.4,-0.05,0.6,-0.04,-1.62
2148,100,5020,40.72570691,-74.53524567,46.9,0.05,0.05,0,32.244,269.47,0.46,-0.81,0.66,-1.78
2149,101,5230,40.72570681,-74.53526877,46.9,0.05,0.05,0,32.584,269.67,0.34,0.13,0.24,-1.77
2150,102,5380,40.72570675,-74.53528441,46.9,0.05,0.05,0,33.004,269.81,0.12,0.08,-0.11,-1.94
2151,103,5590,40.72570669,-74.53530788,46.9,0.05,0.05,0,33.587,269.81,-0.02,-0.12,0.06,-1.94
2152,104,5740,40.72570671,-74.53532395,46.9,0.05,0.05,0,33.841,269.76,0.26,-0.3,0.47,-1.73
2153,105,5950,40.72570676,-74.53534776,46.9,0.05,0.05,0,34.119,269.7,-0.07,-0.04,0.08,-1.72
2154,106,6170,40.7257067,-74.53537202,46.9,0.05,0.05,0,34.46,269.68,0.27,-0.19,0.4,-1.7
2155,107,6380,40.72570664,-74.53539646,46.9,0.05,0.05,0,34.686,269.7,0.14,0.29,0.1,-1.83
2156,108,6600,40.72570667,-74.53542119,46.9,0.05,0.05,0,34.965,269.78,0.05,-0.12,0.08,-1.61
2157,109,6820,40.72570658,-74.53544602,46.9,0.05,0.05,0,35.059,269.85,-0.07,0.03,0.14,-1.57
2158,110,7030,40.72570681,-74.53547053,46.8,0.05,0.05,0,35.184,270.09,-0.07,0.03,0.14,-1.25
2159,111,7250,40.72570703,-74.53549525,46.8,0.05,0.05,0,35.053,270.25,0.13,0.19,0.34,-1.29
2160,112,7460,40.72570723,-74.53551986,46.7,0.05,0.05,0,34.744,270.4,0,-0.18,0.19,-1.62
2161,113,7680,40.72570748,-74.53554422,46.7,0.05,0.05,0,34.335,270.54,-0.01,0.31,0.11,-1.16
2162,114,7900,40.72570778,-74.53556837,46.7,0.05,0.05,0,33.932,270.7,0.02,-0.01,0.21,-1.45
2163,115,8110,40.72570808,-74.53559233,46.6,0.05,0.05,0,33.652,270.82,-0.11,-0.1,0.06,-1.14
2164,116,8330,40.72570836,-74.53561603,46.6,0.05,0.05,0,33.287,271.05,-0.02,0.2,-0.01,-1.22
2165,117,8540,40.72570872,-74.53563953,46.5,0.05,0.05,0,33.03,271.5,0.14,0.2,-0.01,-1.19
2166,118,8760,40.72570929,-74.53566288,46.5,0.05,0.05,0,32.891,272.14,-0.13,0.17,-0.21,-1.14
2167,119,8980,40.72571002,-74.53568607,46.5,0.05,0.05,0,32.655,272.87,0.01,0.35,-0.05,-1.23
2168,120,9190,40.72571453,-74.53571203,45.2,0.05,0.05,0,32.443,273.64,0.04,0.16,-0.03,-1.25
2169,121,9410,40.7257158,-74.53573478,45.1,0.05,0.05,0,32.16,274.41,0.04,0.16,-0.03,-1.2
2170,122,9620,40.72571725,-74.53575741,45.1,0.05,0.05,0,31.902,275.21,-0.11,-0.09,-0.09,-1.26
2171,123,9840,40.72571905,-74.53577989,45,0.05,0.05,0,31.803,275.94,0.09,0.1,0.09,-1.34
2172,124,10060,40.72572102,-74.53580207,45,0.05,0.05,0,31.522,276.58,0.04,-0.24,0.11,-1.47
2173,125,10270,40.72572298,-74.5358241,45,0.05,0.05,0,31.19,276.71,-0.14,-0.41,0.11,-1.47
2174,126,10490,40.72572496,-74.53584599,44.9,0.05,0.05,0,30.975,276.6,0.3,-0.46,0.01,-1.86
2175,127,10700,40.72572688,-74.5358677,44.9,0.05,0.05,0,30.683,276.33,0.2,-0.32,0.11,-1.49
2176,0,10920,40.72572868,-74.53588927,44.8,0.05,0.05,0,30.491,275.98,0.03,-0.35,0.21,-1.74
2177,1,11210,40.72573073,-74.53591769,44.8,0.05,0.05,0,30.1,275.3,0.1,-0.18,0.36,0.25
2178,2,11500,40.72573266,-74.53594553,44.7,0.05,0.05,0,28.901,274.36,0.28,0.31,0.78,0.01
2179,3,11710,40.7257337,-74.5359655,44.7,0.05,0.05,0,27.773,273.7,-0.13,0.02,1.07,0.2
2180,4,11930,40.72573463,-74.53598456,44.6,0.05,0.05,0,26.411,273.19,0.13,0.43,1.13,0.38
2181,5,12140,40.72573538,-74.53600271,44.6,0.05,0.05,0,24.986,272.89,0.09,0.34,0.88,0.27
2182,6,12360,40.72573603,-74.53601975,44.6,0.05,0.05,0,23.376,272.61,0.09,0.34,0.88,0.59
2183,7,12580,40.72573652,-74.53603551,44.6,0.05,0.05,0,21.264,272.39,0.1,0.89,1.66,0.59
2184,8,12790,40.72573696,-74.53604958,44.6,0.05,0.05,0,18.594,272.25,0.14,0.62,1.99,0.63
2185,9,13010,40.72573733,-74.53606184,44.6,0.05,0.05,0,16.066,272.18,0.18,0.74,1.85,0.61
2186,10,13300,40.7257378,-74.5360752,44.6,0.05,0.05,0,12.788,272.1,0.13,0.44,1.17,0.53
2187,11,13510,40.72573804,-74.53608287,44.6,0.05,0.05,0,10.393,272.07,0,0.26,0.62,0.55
2188,12,13730,40.72573825,-74.53608893,44.6,0.05,0.05,0,8.081,272.04,0.01,0.16,0.24,0.38
2189,13,13940,40.72573831,-74.53609349,44.6,0.05,0.05,0,5.89,272.02,-0.33,-0.46,-1.89,-1.98
2190,14,14230,40.72573842,-74.53609771,44.6,0.05,0.05,0,5.671,271.99,-0.32,-0.62,-2.78,-1.94
2191,15,14520,40.72573851,-74.53610241,44.6,0.05,0.05,0,6.126,271.97,-0.46,-0.83,-3.62,-2.18
2192,16,14740,40.72573872,-74.53610644,44.6,0.05,0.05,0,7.321,272.03,-0.5,-1.2,-4.89,-2.11
2193,17,15020,40.725739,-74.53611395,44.6,0.05,0.05,0,10.264,272.31,-0.62,-0.95,-4.26,-2.21
2194,18,15310,40.72573949,-74.53612439,44.6,0.05,0.05,0,12.87,272.81,-0.22,-0.87,-3.54,-2.11
2195,19,15600,40.72573997,-74.5361374,44.6,0.05,0.05,0,15.167,273.34,-0.3,-0.52,-2.22,-2.13
2196,20,15890,40.72574089,-74.53615231,44.6,0.05,0.05,0,17.236,273.88,0.5,-0.31,-1.1,-2.08
2197,21,16180,40.7257418,-74.53616941,44.6,0.05,0.05,0,19.047,274.42,0.39,-0.08,-1.1,-2.03
2198,22,16460,40.72574319,-74.53618814,44.5,0.05,0.05,0,21.221,274.85,-0.16,-0.2,-0.57,-2.13
2199,23,16750,40.72574468,-74.53620879,44.6,0.05,0.05,0,22.749,275.24,-0.29,-0.5,-0.76,-2.2
2200,24,17040,40.72574623,-74.53623109,44.6,0.05,0.05,0,24.556,274.96,-0.34,-0.71,-0.24,-2.18
2201,25,17330,40.72574777,-74.53625477,44.6,0.05,0.05,0,25.779,274.39,0.61,0.07,-0.14,-2.09
2202,26,17620,40.72574929,-74.53627966,44.6,0.05,0.05,0,26.882,273.75,0.54,-0.71,-0.35,-2.26
2203,27,17900,40.72575061,-74.5363059,44.6,0.05,0.05,0,28.679,273.17,-0.27,-0.22,0.21,-2.06
2204,28,18190,40.72575168,-74.5363334,44.6,0.05,0.05,0,29.758,272.46,0.12,-0.3,0.88,-2.23
2205,29,18480,40.72575259,-74.53636208,44.7,0.05,0.05,0,30.728,271.86,0.29,-0.08,-0.48,-2.1
2206,30,18770,40.72575343,-74.53639176,44.7,0.05,0.05,0,32.07,271.62,0.25,0.2,0.39,-2.04
2207,31,19060,40.72575409,-74.53642257,44.7,0.05,0.05,0,33.04,271.36,0.21,-0.19,0.06,-2.08
2208,32,19420,40.72575492,-74.53646241,44.8,0.05,0.05,0,34.526,271.19,-0.18,0.23,0.37,-2.11
2209,33,19700,40.7257555,-74.53649522,44.8,0.05,0.05,0,35.022,271.05,-0.17,-0.02,0.83,-2.31
2210,34,19990,40.72575598,-74.53652821,44.9,0.05,0.05,0,35.012,270.78,0.2,-0.24,0.85,-2.15
2211,35,20280,40.7257562,-74.53656098,44.9,0.05,0.05,0,34.62,270.32,0.38,0.12,0.63,-1.54
2212,36,20570,40.72575626,-74.53659365,45,0.05,0.05,0,35.151,269.9,-0.54,0.53,1.05,-2.68
2213,37,20860,40.72575617,-74.53662662,45.1,0.05,0.05,0,34.602,269.43,-0.7,-0.64,-1.2,-2.01
2214,38,21140,40.72575577,-74.53666055,45.1,0.05,0.05,0,35.779,268.75,0.05,-0.54,-0.49,-2.13
2215,39,21500,40.72575469,-74.53670386,45.2,0.05,0.05,0,37.293,268.02,0.06,-0.42,0.07,-2.4
2216,40,21790,40.72575353,-74.53673931,45.3,0.05,0.05,0,38.119,267.51,-0.04,-0.04,-0.13,-2.11
2217,41,22080,40.72575216,-74.53677552,45.4,0.05,0.05,0,38.676,267.04,-0.29,-0.34,-0.61,-2.17
2218,42,22370,40.7257506,-74.53681273,45.5,0.05,0.05,0,39.408,266.75,0.21,-0.19,-0.12,-2.2
2219,43,22660,40.72574901,-74.53685048,45.6,0.05,0.05,0,40.306,266.43,-0.24,0,-0.06,-2.13
2220,44,22940,40.72574709,-74.5368889,45.7,0.05,0.05,0,41.238,266.07,0.57,-0.71,0.02,-2.44
2221,45,23230,40.72574486,-74.53692761,45.8,0.05,0.05,0,41.399,265.52,-0.1,0.6,0.48,-1.53
2222,46,23520,40.72574232,-74.53696695,45.9,0.05,0.05,0,41.694,265.21,-0.3,0.04,-0.16,-2.1
2223,47,23810,40.72573985,-74.53700651,46.1,0.05,0.05,0,42.004,264.93,0.23,0.51,1.2,-1.82
2224,48,24100,40.72573708,-74.53704615,46.3,0.05,0.05,0,42.056,264.69,0.13,-0.23,0.6,-2.11
2225,49,24380,40.72573432,-74.53708572,46.4,0.05,0.05,0,41.941,264.55,0.25,0.52,0.62,-1.87
2226,50,24600,40.72573216,-74.53711543,46.6,0.05,0.05,0,41.964,264.46,-0.28,-0.13,0.44,-2.12
2227,51,24890,40.72572929,-74.53715509,46.8,0.05,0.05,0,42.07,264.28,0.01,0.69,0.62,-1.76
2228,52,25180,40.72572621,-74.53719449,47,0.05,0.05,0,42.054,264.16,0.1,0.42,0.63,-2.02
2229,53,25460,40.72572303,-74.53723399,47.1,0.05,0.05,0,41.869,263.99,-0.07,-0.18,0.33,-1.76
