cnt, msgCnt, gpsSecond, latitude, longitude, elevation, latError, lonError, speedMS2, speedMPH, heading, fwdAccel, latAccess, vertAccel, yawRate
106994,106994,22600,33.4723197,-112.0384069,139,3.79,3.79,0,96,1,0,0,0,0
107069,107069,22699,33.4723438,-112.0384069,139,3.79,3.79,0,96,1,0,0,0,0
107144,107144,22800,33.472368,-112.0384069,139,3.79,3.79,0,97,1,0,0,0,0
107219,107219,22899,33.4723921,-112.0384069,139,3.79,3.79,0,96,1,0,0,0,0
107294,107294,23000,33.4724163,-112.0384069,139,3.79,3.79,0,96,1,0,0,0,0
107369,107369,23100,33.4724405,-112.0384069,139,3.79,3.79,0,97,1,0,0,0,0
107444,107444,23199,33.4724647,-112.0384069,139,3.79,3.79,0,97,1,0,0,0,0
107519,107519,23300,33.4724888,-112.0384069,139,3.79,3.79,0,96,1,0,0,0,0
107594,107594,23399,33.472513,-112.0384069,139,3.79,3.79,0,96,1,0,0,0,0
107669,107669,23500,33.4725372,-112.0384069,139,3.79,3.79,0,97,1,0,0,0,0
107744,107744,23600,33.4725614,-112.0384069,139,3.79,3.79,0,97,1,0,0,0,0
107819,107819,23699,33.4725856,-112.0384069,139,3.79,3.79,0,97,1,0,0,0,0
107894,107894,23800,33.4726097,-112.0384069,139,3.79,3.79,0,96,1,0,0,0,0
107969,107969,23899,33.472634,-112.0384069,139,3.79,3.79,0,97,1,0,0,0,0
108044,108044,24000,33.4726581,-112.0384069,139,3.79,3.79,0,96,1,0,0,0,0
108118,108118,24100,33.4726823,-112.0384069,139,3.79,3.79,0,96,1,0,0,0,0
108193,108193,24199,33.4727064,-112.0384069,139,3.79,3.79,0,96,1,0,0,0,0
108268,108268,24300,33.4727306,-112.0384069,139,3.79,3.79,0,96,1,0,0,0,0
108343,108343,24399,33.4727547,-112.0384069,139,3.79,3.79,0,96,1,0,0,0,0
108418,108418,24500,33.4727789,-112.0384069,139,3.79,3.79,0,97,1,0,0,0,0
108493,108493,24600,33.4728031,-112.0384069,139,3.79,3.79,0,96,1,0,0,0,0
108568,108568,24699,33.4728273,-112.0384069,139,3.79,3.79,0,97,1,0,0,0,0
108643,108643,24800,33.4728514,-112.0384069,139,3.79,3.79,0,96,1,0,0,0,0
108718,108718,24899,33.4728756,-112.0384069,139,3.79,3.79,0,96,1,0,0,0,0
108793,108793,25000,33.4728998,-112.0384069,139,3.79,3.79,0,97,1,0,0,0,0
108868,108868,25100,33.4729239,-112.0384069,139,3.79,3.79,0,96,1,0,0,0,0
108943,108943,25199,33.4729481,-112.0384069,139,3.79,3.79,0,97,1,0,0,0,0
109018,109018,25300,33.4729723,-112.0384069,139,3.79,3.79,0,97,1,0,0,0,0
109093,109093,25399,33.4729965,-112.0384069,139,3.79,3.79,0,97,1,0,0,0,0
109168,109168,25500,33.4730206,-112.0384069,139,3.79,3.79,0,96,1,0,0,0,0
109243,109243,25600,33.4730449,-112.0384069,139,3.79,3.79,0,97,1,0,0,0,0
109318,109318,25699,33.4730691,-112.0384069,139,3.79,3.79,0,97,1,0,0,0,0
109393,109393,25800,33.4730933,-112.0384069,139,3.79,3.79,0,97,1,0,0,0,0
109468,109468,25899,33.4731175,-112.0384069,139,3.79,3.79,0,97,1,0,0,0,0
109543,109543,26000,33.4731416,-112.0384069,139,3.79,3.79,0,96,1,0,0,0,0
109618,109618,26100,33.4731658,-112.0384069,139,3.79,3.79,0,97,1,0,0,0,0
109693,109693,26199,33.4731901,-112.0384069,139,3.79,3.79,0,97,1,0,0,0,0
109768,109768,26300,33.4732143,-112.0384069,139,3.79,3.79,0,96,1,0,0,0,0
109843,109843,26399,33.4732384,-112.0384069,139,3.79,3.79,0,96,1,0,0,0,0
109918,109918,26500,33.4732626,-112.0384069,139,3.79,3.79,0,97,1,0,0,0,0
109993,109993,26600,33.4732867,-112.0384069,139,3.79,3.79,0,96,1,0,0,0,0
110068,110068,26699,33.4733109,-112.0384069,139,3.79,3.79,0,97,1,0,0,0,0
110143,110143,26800,33.4733351,-112.0384069,139,3.79,3.79,0,96,1,0,0,0,0
110218,110218,26899,33.4733594,-112.0384066,139,3.79,3.79,0,97,1,0,0,0,0
110293,110293,27000,33.4733835,-112.0384062,139,3.79,3.79,0,96,1,0,0,0,0
110368,110368,27100,33.4734077,-112.0384057,139,3.79,3.79,0,96,2,0,0,0,0
110443,110443,27199,33.4734318,-112.0384052,139,3.79,3.79,0,96,2,0,0,0,0
110518,110518,27300,33.473456,-112.0384047,139,3.79,3.79,0,97,2,0,0,0,0
110593,110593,27399,33.4734802,-112.0384043,139,3.79,3.79,0,97,2,0,0,0,0
110668,110668,27500,33.4735043,-112.0384038,139,3.79,3.79,0,96,2,0,0,0,0
110743,110743,27600,33.4735285,-112.0384033,139,3.79,3.79,0,97,2,0,0,0,0
110818,110818,27699,33.4735526,-112.0384029,139,3.79,3.79,0,96,2,0,0,0,0
110893,110893,27800,33.4735768,-112.0384024,139,3.79,3.79,0,96,2,0,0,0,0
110968,110968,27899,33.4736009,-112.0384019,139,3.79,3.79,0,96,2,0,0,0,0
111043,111043,28000,33.4736251,-112.0384015,139,3.79,3.79,0,97,2,0,0,0,0
111118,111118,28100,33.4736493,-112.038401,139,3.79,3.79,0,96,2,0,0,0,0
111193,111193,28199,33.4736735,-112.0384005,139,3.79,3.79,0,97,2,0,0,0,0
111268,111268,28300,33.4736976,-112.0384001,139,3.79,3.79,0,96,2,0,0,0,0
111342,111342,28399,33.4737218,-112.0383996,139,3.79,3.79,0,97,2,0,0,0,0
111417,111417,28500,33.473746,-112.0383991,139,3.79,3.79,0,97,2,0,0,0,0
111492,111492,28600,33.4737702,-112.0383987,139,3.79,3.79,0,97,2,0,0,0,0
111567,111567,28699,33.4737944,-112.0383982,139,3.79,3.79,0,97,2,0,0,0,0
111642,111642,28800,33.4738186,-112.0383977,139,3.79,3.79,0,97,2,0,0,0,0
111717,111717,28899,33.4738428,-112.0383973,139,3.79,3.79,0,96,2,0,0,0,0
111792,111792,29000,33.4738675,-112.038397,139,3.79,3.79,0,96,1,0,0,0,0
111867,111867,29100,33.4738934,-112.0383971,139,3.79,3.79,0,97,1,0,0,0,0
111942,111942,29199,33.4739176,-112.0383976,139,3.79,3.79,0,96,360,0,0,0,0
112017,112017,29300,33.4739418,-112.0383982,139,3.79,3.79,0,97,359,0,0,0,0
112092,112092,29399,33.473966,-112.0383987,139,3.79,3.79,0,96,359,0,0,0,0
112167,112167,29500,33.4739901,-112.0383993,139,3.79,3.79,0,96,359,0,0,0,0
112242,112242,29600,33.4740144,-112.0383998,139,3.79,3.79,0,97,359,0,0,0,0
112317,112317,29699,33.4740386,-112.0384004,139,3.79,3.79,0,96,359,0,0,0,0
112392,112392,29800,33.4740628,-112.0384009,139,3.79,3.79,0,96,359,0,0,0,0
112467,112467,29899,33.4740869,-112.0384015,139,3.79,3.79,0,96,359,0,0,0,0
112542,112542,30000,33.4741112,-112.038402,139,3.79,3.79,0,97,359,0,0,0,0
112616,112616,30100,33.4741354,-112.0384026,139,3.79,3.79,0,97,359,0,0,0,0
112691,112691,30199,33.4741596,-112.0384031,139,3.79,3.79,0,96,359,0,0,0,0
112766,112766,30300,33.4741837,-112.0384037,139,3.79,3.79,0,96,359,0,0,0,0
112841,112841,30399,33.4742079,-112.0384042,139,3.79,3.79,0,96,359,0,0,0,0
112916,112916,30500,33.4742321,-112.0384048,139,3.79,3.79,0,96,359,0,0,0,0
112991,112991,30600,33.4742562,-112.0384053,139,3.79,3.79,0,96,359,0,0,0,0
113066,113066,30699,33.4742804,-112.0384059,139,3.79,3.79,0,96,359,0,0,0,0
113141,113141,30800,33.4743046,-112.0384061,139,3.79,3.79,0,96,360,0,0,0,0
113216,113216,30899,33.4743288,-112.0384057,139,3.79,3.79,0,96,1,0,0,0,0
113291,113291,31000,33.474353,-112.0384052,139,3.79,3.79,0,96,1,0,0,0,0
113366,113366,31100,33.4743771,-112.0384048,139,3.79,3.79,0,96,1,0,0,0,0
113441,113441,31199,33.4744013,-112.0384043,139,3.79,3.79,0,97,1,0,0,0,0
113516,113516,31300,33.4744256,-112.0384039,139,3.79,3.79,0,97,1,0,0,0,0
113591,113591,31399,33.4744498,-112.0384035,139,3.79,3.79,0,96,1,0,0,0,0
113666,113666,31500,33.4744739,-112.038403,139,3.79,3.79,0,96,1,0,0,0,0
113741,113741,31600,33.4744982,-112.0384026,139,3.79,3.79,0,97,1,0,0,0,0
113816,113816,31699,33.4745223,-112.0384021,139,3.79,3.79,0,96,1,0,0,0,0
113891,113891,31800,33.4745465,-112.0384017,139,3.79,3.79,0,96,1,0,0,0,0
113966,113966,31899,33.4745708,-112.0384012,139,3.79,3.79,0,97,1,0,0,0,0
114041,114041,32000,33.474595,-112.0384008,139,3.79,3.79,0,97,1,0,0,0,0
114116,114116,32100,33.4746192,-112.0384003,139,3.79,3.79,0,97,1,0,0,0,0
114191,114191,32199,33.4746434,-112.0383999,139,3.79,3.79,0,96,1,0,0,0,0
114266,114266,32300,33.4746675,-112.0383994,139,3.79,3.79,0,96,1,0,0,0,0
114341,114341,32399,33.4746918,-112.038399,139,3.79,3.79,0,97,1,0,0,0,0
114416,114416,32500,33.474716,-112.0383985,139,3.79,3.79,0,97,1,0,0,0,0
114491,114491,32600,33.4747402,-112.0383976,139,3.79,3.79,0,96,2,0,0,0,0
114566,114566,32699,33.4747644,-112.0383965,139,3.79,3.79,0,96,3,0,0,0,0
114641,114641,32800,33.4747885,-112.0383954,139,3.79,3.79,0,96,3,0,0,0,0
114716,114716,32899,33.4748127,-112.0383944,139,3.79,3.79,0,97,3,0,0,0,0
114791,114791,33000,33.4748369,-112.0383933,139,3.79,3.79,0,96,3,0,0,0,0
114866,114866,33100,33.4748612,-112.0383923,139,3.79,3.79,0,97,3,0,0,0,0
114941,114941,33199,33.4748854,-112.0383912,139,3.79,3.79,0,97,3,0,0,0,0
115016,115016,33300,33.4749096,-112.0383901,139,3.79,3.79,0,96,3,0,0,0,0
115091,115091,33399,33.4749337,-112.0383891,139,3.79,3.79,0,96,3,0,0,0,0
115166,115166,33500,33.4749579,-112.038388,139,3.79,3.79,0,96,3,0,0,0,0
115241,115241,33600,33.474982,-112.038387,139,3.79,3.79,0,96,3,0,0,0,0
115316,115316,33699,33.4750062,-112.0383859,139,3.79,3.79,0,96,3,0,0,0,0
115391,115391,33800,33.4750304,-112.0383849,139,3.79,3.79,0,96,3,0,0,0,0
115466,115466,33899,33.4750546,-112.0383838,139,3.79,3.79,0,97,3,0,0,0,0
115541,115541,34000,33.4750788,-112.0383827,139,3.79,3.79,0,96,3,0,0,0,0
115616,115616,34100,33.4751029,-112.0383817,139,3.79,3.79,0,96,3,0,0,0,0
115691,115691,34199,33.4751272,-112.0383806,139,3.79,3.79,0,97,3,0,0,0,0
115766,115766,34300,33.4751513,-112.0383795,139,3.79,3.79,0,96,3,0,0,0,0
115841,115841,34399,33.4751755,-112.0383784,139,3.79,3.79,0,96,3,0,0,0,0
115916,115916,34500,33.4751997,-112.0383773,139,3.79,3.79,0,97,3,0,0,0,0
115991,115991,34600,33.4752239,-112.0383762,139,3.79,3.79,0,96,3,0,0,0,0
116066,116066,34699,33.4752481,-112.0383751,139,3.79,3.79,0,97,3,0,0,0,0
116141,116141,34800,33.4752724,-112.038374,139,3.79,3.79,0,97,3,0,0,0,0
116216,116216,34899,33.4752965,-112.0383729,139,3.79,3.79,0,96,3,0,0,0,0
116291,116291,35000,33.4753208,-112.0383718,139,3.79,3.79,0,97,3,0,0,0,0
116366,116366,35100,33.475345,-112.0383707,139,3.79,3.79,0,96,3,0,0,0,0
116441,116441,35199,33.4753692,-112.0383696,139,3.79,3.79,0,96,3,0,0,0,0
116516,116516,35300,33.4753934,-112.0383685,139,3.79,3.79,0,97,3,0,0,0,0
116591,116591,35399,33.4754176,-112.0383674,139,3.79,3.79,0,97,3,0,0,0,0
116666,116666,35500,33.4754418,-112.0383663,139,3.79,3.79,0,97,3,0,0,0,0
116741,116741,35600,33.475466,-112.0383651,139,3.79,3.79,0,97,3,0,0,0,0
116816,116816,35699,33.4754903,-112.038364,139,3.79,3.79,0,97,3,0,0,0,0
116891,116891,35800,33.4755144,-112.0383629,139,3.79,3.79,0,96,3,0,0,0,0
116966,116966,35899,33.4755386,-112.0383618,139,3.79,3.79,0,96,3,0,0,0,0
117041,117041,36000,33.4755627,-112.0383607,139,3.79,3.79,0,96,3,0,0,0,0
117116,117116,36100,33.4755869,-112.0383589,139,3.79,3.79,0,96,3,0,0,0,0
117191,117191,36199,33.475611,-112.0383566,139,3.79,3.79,0,96,5,0,0,0,0
117266,117266,36300,33.4756351,-112.0383543,139,3.79,3.79,0,96,5,0,0,0,0
117341,117341,36399,33.4756593,-112.038352,139,3.79,3.79,0,97,5,0,0,0,0
117416,117416,36500,33.4756835,-112.0383497,139,3.79,3.79,0,97,5,0,0,0,0
117491,117491,36600,33.4757076,-112.0383474,139,3.79,3.79,0,96,5,0,0,0,0
117566,117566,36699,33.4757317,-112.0383451,139,3.79,3.79,0,96,5,0,0,0,0
117641,117641,36800,33.4757559,-112.0383428,139,3.79,3.79,0,97,5,0,0,0,0
117716,117716,36899,33.4757801,-112.0383405,139,3.79,3.79,0,97,5,0,0,0,0
117791,117791,37000,33.4758043,-112.0383382,139,3.79,3.79,0,97,5,0,0,0,0
117866,117866,37100,33.4758284,-112.0383359,139,3.79,3.79,0,96,5,0,0,0,0
117941,117941,37199,33.4758526,-112.0383335,139,3.79,3.79,0,97,5,0,0,0,0
118016,118016,37300,33.4758767,-112.0383312,139,3.79,3.79,0,96,5,0,0,0,0
118091,118091,37399,33.4759008,-112.0383289,139,3.79,3.79,0,96,5,0,0,0,0
118166,118166,37500,33.4759248,-112.0383266,139,3.79,3.79,0,96,5,0,0,0,0
118241,118241,37600,33.475949,-112.0383243,139,3.79,3.79,0,96,5,0,0,0,0
118316,118316,37699,33.475973,-112.038322,139,3.79,3.79,0,96,5,0,0,0,0
118391,118391,37800,33.4759972,-112.0383197,139,3.79,3.79,0,96,5,0,0,0,0
118466,118466,37899,33.4760213,-112.0383174,139,3.79,3.79,0,96,5,0,0,0,0
118541,118541,38000,33.4760454,-112.0383151,139,3.79,3.79,0,96,5,0,0,0,0
118616,118616,38100,33.4760696,-112.0383128,139,3.79,3.79,0,97,5,0,0,0,0
118691,118691,38199,33.4760937,-112.0383105,139,3.79,3.79,0,96,5,0,0,0,0
118766,118766,38300,33.4761178,-112.0383082,139,3.79,3.79,0,96,5,0,0,0,0
118841,118841,38399,33.476142,-112.0383059,139,3.79,3.79,0,97,5,0,0,0,0
118916,118916,38500,33.4761661,-112.0383038,139,3.79,3.79,0,96,5,0,0,0,0
118991,118991,38600,33.4761903,-112.0383018,139,3.79,3.79,0,97,5,0,0,0,0
119066,119066,38699,33.4762145,-112.0382998,139,3.79,3.79,0,97,5,0,0,0,0
119141,119141,38800,33.4762386,-112.0382978,139,3.79,3.79,0,96,5,0,0,0,0
119216,119216,38899,33.4762628,-112.0382957,139,3.79,3.79,0,97,5,0,0,0,0
119291,119291,39000,33.4762869,-112.0382937,139,3.79,3.79,0,96,5,0,0,0,0
119366,119366,39100,33.4763111,-112.0382917,139,3.79,3.79,0,96,5,0,0,0,0
119441,119441,39199,33.4763352,-112.0382896,139,3.79,3.79,0,96,5,0,0,0,0
119516,119516,39300,33.4763593,-112.0382876,139,3.79,3.79,0,96,5,0,0,0,0
119591,119591,39399,33.4763834,-112.0382856,139,3.79,3.79,0,96,5,0,0,0,0
119666,119666,39500,33.4764075,-112.0382836,139,3.79,3.79,0,96,5,0,0,0,0
119741,119741,39600,33.4764317,-112.0382815,139,3.79,3.79,0,97,5,0,0,0,0
119816,119816,39699,33.4764558,-112.0382795,139,3.79,3.79,0,96,5,0,0,0,0
119891,119891,39800,33.47648,-112.0382775,139,3.79,3.79,0,96,5,0,0,0,0
119966,119966,39899,33.4765041,-112.0382755,139,3.79,3.79,0,96,5,0,0,0,0
120041,120041,40000,33.4765283,-112.0382734,139,3.79,3.79,0,96,5,0,0,0,0
120116,120116,40100,33.4765525,-112.0382714,139,3.79,3.79,0,97,5,0,0,0,0
120191,120191,40199,33.4765766,-112.0382694,139,3.79,3.79,0,96,5,0,0,0,0
120266,120266,40300,33.4766007,-112.0382674,139,3.79,3.79,0,96,5,0,0,0,0
120341,120341,40399,33.4766249,-112.0382653,139,3.79,3.79,0,97,5,0,0,0,0
120416,120416,40500,33.476649,-112.0382633,139,3.79,3.79,0,96,5,0,0,0,0
120491,120491,40600,33.4766732,-112.0382613,139,3.79,3.79,0,97,5,0,0,0,0
120566,120566,40699,33.4766973,-112.0382592,139,3.79,3.79,0,96,5,0,0,0,0
120641,120641,40800,33.4767214,-112.0382572,139,3.79,3.79,0,97,5,0,0,0,0
120716,120716,40899,33.4767456,-112.0382552,139,3.79,3.79,0,97,5,0,0,0,0
120791,120791,41000,33.4767698,-112.0382532,139,3.79,3.79,0,96,5,0,0,0,0
120865,120865,41100,33.4767939,-112.0382513,139,3.79,3.79,0,96,4,0,0,0,0
120940,120940,41199,33.476818,-112.0382495,139,3.79,3.79,0,96,4,0,0,0,0
121015,121015,41300,33.4768422,-112.0382477,139,3.79,3.79,0,97,4,0,0,0,0
121090,121090,41399,33.4768664,-112.0382458,139,3.79,3.79,0,97,4,0,0,0,0
121165,121165,41500,33.4768906,-112.038244,139,3.79,3.79,0,97,4,0,0,0,0
121239,121239,41600,33.4769148,-112.0382422,139,3.79,3.79,0,97,4,0,0,0,0
121314,121314,41699,33.476939,-112.0382403,139,3.79,3.79,0,97,4,0,0,0,0
121389,121389,41800,33.4769632,-112.0382385,139,3.79,3.79,0,97,4,0,0,0,0
121464,121464,41899,33.4769874,-112.0382367,139,3.79,3.79,0,97,4,0,0,0,0
121539,121539,42000,33.4770116,-112.0382349,139,3.79,3.79,0,96,4,0,0,0,0
121614,121614,42100,33.4770358,-112.038233,139,3.79,3.79,0,96,4,0,0,0,0
121689,121689,42199,33.47706,-112.0382312,139,3.79,3.79,0,97,4,0,0,0,0
121764,121764,42300,33.4770841,-112.0382294,139,3.79,3.79,0,96,4,0,0,0,0
121839,121839,42399,33.4771083,-112.0382276,139,3.79,3.79,0,96,4,0,0,0,0
121914,121914,42500,33.4771324,-112.0382257,139,3.79,3.79,0,96,4,0,0,0,0
121989,121989,42600,33.4771566,-112.0382239,139,3.79,3.79,0,97,4,0,0,0,0
122064,122064,42699,33.4771808,-112.0382221,139,3.79,3.79,0,96,4,0,0,0,0
122139,122139,42800,33.4772049,-112.0382203,139,3.79,3.79,0,96,4,0,0,0,0
122214,122214,42899,33.4772291,-112.0382184,139,3.79,3.79,0,97,4,0,0,0,0
122289,122289,43000,33.4772533,-112.0382166,139,3.79,3.79,0,96,4,0,0,0,0
122364,122364,43100,33.4772775,-112.0382148,139,3.79,3.79,0,97,4,0,0,0,0
122439,122439,43199,33.4773016,-112.0382129,139,3.79,3.79,0,96,4,0,0,0,0
122514,122514,43300,33.4773258,-112.0382111,139,3.79,3.79,0,96,4,0,0,0,0
122589,122589,43399,33.4773499,-112.0382093,139,3.79,3.79,0,96,4,0,0,0,0
122664,122664,43500,33.477374,-112.0382075,139,3.79,3.79,0,96,4,0,0,0,0
122739,122739,43600,33.4773982,-112.0382056,139,3.79,3.79,0,96,4,0,0,0,0
122814,122814,43699,33.4774224,-112.0382038,139,3.79,3.79,0,97,4,0,0,0,0
122889,122889,43800,33.4774465,-112.038202,139,3.79,3.79,0,96,4,0,0,0,0
122964,122964,43899,33.4774707,-112.0382002,139,3.79,3.79,0,97,4,0,0,0,0
123039,123039,44000,33.4774949,-112.0381983,139,3.79,3.79,0,96,4,0,0,0,0
123114,123114,44100,33.477519,-112.0381965,139,3.79,3.79,0,96,4,0,0,0,0
123189,123189,44199,33.4775432,-112.0381947,139,3.79,3.79,0,97,4,0,0,0,0
123264,123264,44300,33.4775674,-112.0381929,139,3.79,3.79,0,96,4,0,0,0,0
123339,123339,44399,33.4775916,-112.038191,139,3.79,3.79,0,97,4,0,0,0,0
123414,123414,44500,33.4776158,-112.0381892,139,3.79,3.79,0,97,4,0,0,0,0
123489,123489,44600,33.4776399,-112.0381874,139,3.79,3.79,0,96,4,0,0,0,0
123564,123564,44699,33.477664,-112.0381856,139,3.79,3.79,0,96,4,0,0,0,0
123639,123639,44800,33.4776882,-112.0381837,139,3.79,3.79,0,96,4,0,0,0,0
123714,123714,44899,33.4777124,-112.0381819,139,3.79,3.79,0,97,4,0,0,0,0
123789,123789,45000,33.4777365,-112.0381801,139,3.79,3.79,0,96,4,0,0,0,0
123864,123864,45100,33.4777606,-112.0381783,139,3.79,3.79,0,96,4,0,0,0,0
123939,123939,45199,33.4777848,-112.0381765,139,3.79,3.79,0,96,4,0,0,0,0
124014,124014,45300,33.4778089,-112.0381747,139,3.79,3.79,0,97,4,0,0,0,0
124089,124089,45399,33.4778331,-112.038173,139,3.79,3.79,0,96,4,0,0,0,0
124164,124164,45500,33.4778572,-112.0381712,139,3.79,3.79,0,96,4,0,0,0,0
124239,124239,45600,33.4778814,-112.0381695,139,3.79,3.79,0,96,4,0,0,0,0
124314,124314,45699,33.4779055,-112.0381678,139,3.79,3.79,0,96,4,0,0,0,0
124389,124389,45800,33.4779296,-112.038166,139,3.79,3.79,0,96,4,0,0,0,0
124464,124464,45899,33.4779538,-112.0381643,139,3.79,3.79,0,97,4,0,0,0,0
124539,124539,46000,33.477978,-112.0381625,139,3.79,3.79,0,96,4,0,0,0,0
124614,124614,46100,33.4780021,-112.0381608,139,3.79,3.79,0,96,4,0,0,0,0
124689,124689,46199,33.4780263,-112.038159,139,3.79,3.79,0,96,4,0,0,0,0
124764,124764,46300,33.4780505,-112.0381573,139,3.79,3.79,0,96,4,0,0,0,0
124839,124839,46399,33.4780746,-112.0381555,139,3.79,3.79,0,96,4,0,0,0,0
124914,124914,46500,33.4780987,-112.0381538,139,3.79,3.79,0,96,4,0,0,0,0
124989,124989,46600,33.4781229,-112.0381521,139,3.79,3.79,0,96,4,0,0,0,0
125064,125064,46699,33.478147,-112.0381503,139,3.79,3.79,0,96,4,0,0,0,0
125139,125139,46800,33.4781711,-112.0381486,139,3.79,3.79,0,96,4,0,0,0,0
125214,125214,46899,33.4781953,-112.0381475,139,3.79,3.79,0,96,3,0,0,0,0
125289,125289,47000,33.4782194,-112.0381469,139,3.79,3.79,0,96,2,0,0,0,0
125364,125364,47100,33.4782437,-112.0381464,139,3.79,3.79,0,96,2,0,0,0,0
125439,125439,47199,33.4782679,-112.0381459,139,3.79,3.79,0,96,2,0,0,0,0
125514,125514,47300,33.478292,-112.0381454,139,3.79,3.79,0,96,2,0,0,0,0
125589,125589,47399,33.4783162,-112.0381449,139,3.79,3.79,0,96,2,0,0,0,0
125664,125664,47500,33.4783404,-112.0381444,139,3.79,3.79,0,96,2,0,0,0,0
125739,125739,47600,33.4783646,-112.0381439,139,3.79,3.79,0,97,2,0,0,0,0
125814,125814,47699,33.4783888,-112.0381434,139,3.79,3.79,0,97,2,0,0,0,0
125889,125889,47800,33.478413,-112.0381429,139,3.79,3.79,0,96,2,0,0,0,0
125964,125964,47899,33.4784372,-112.0381424,139,3.79,3.79,0,96,2,0,0,0,0
126038,126038,48000,33.4784614,-112.0381418,139,3.79,3.79,0,97,2,0,0,0,0
126113,126113,48100,33.4784857,-112.0381413,139,3.79,3.79,0,97,2,0,0,0,0
126188,126188,48199,33.4785099,-112.0381408,139,3.79,3.79,0,96,2,0,0,0,0
126263,126263,48300,33.478534,-112.0381405,139,3.79,3.79,0,96,1,0,0,0,0
126338,126338,48399,33.4785583,-112.0381401,139,3.79,3.79,0,97,1,0,0,0,0
126413,126413,48500,33.4785824,-112.0381398,139,3.79,3.79,0,96,1,0,0,0,0
126488,126488,48600,33.4786066,-112.0381394,139,3.79,3.79,0,96,1,0,0,0,0
126563,126563,48699,33.4786308,-112.0381391,139,3.79,3.79,0,96,1,0,0,0,0
126638,126638,48800,33.478655,-112.0381387,139,3.79,3.79,0,96,1,0,0,0,0
126713,126713,48899,33.4786792,-112.0381383,139,3.79,3.79,0,96,1,0,0,0,0
126788,126788,49000,33.4787034,-112.038138,139,3.79,3.79,0,96,1,0,0,0,0
126863,126863,49100,33.4787275,-112.0381376,139,3.79,3.79,0,96,1,0,0,0,0
126938,126938,49199,33.4787517,-112.0381373,139,3.79,3.79,0,96,1,0,0,0,0
127013,127013,49300,33.4787759,-112.0381369,139,3.79,3.79,0,96,1,0,0,0,0
127088,127088,49399,33.4788001,-112.0381365,139,3.79,3.79,0,96,1,0,0,0,0
127163,127163,49500,33.4788243,-112.0381362,139,3.79,3.79,0,97,1,0,0,0,0
127238,127238,49600,33.4788485,-112.0381358,139,3.79,3.79,0,96,1,0,0,0,0
127313,127313,49699,33.4788726,-112.0381364,139,3.79,3.79,0,96,0,0,0,0,0
127388,127388,49800,33.4788968,-112.0381379,139,3.79,3.79,0,96,358,0,0,0,0
127463,127463,49899,33.4789209,-112.0381393,139,3.79,3.79,0,96,358,0,0,0,0
127538,127538,50000,33.478945,-112.0381407,139,3.79,3.79,0,96,358,0,0,0,0
127613,127613,50100,33.4789693,-112.0381421,139,3.79,3.79,0,97,358,0,0,0,0
127688,127688,50199,33.4789934,-112.0381435,139,3.79,3.79,0,96,358,0,0,0,0
127763,127763,50300,33.4790176,-112.038145,139,3.79,3.79,0,96,358,0,0,0,0
127838,127838,50399,33.4790417,-112.0381464,139,3.79,3.79,0,96,358,0,0,0,0
127913,127913,50500,33.4790659,-112.0381478,139,3.79,3.79,0,96,358,0,0,0,0
127988,127988,50600,33.4790901,-112.0381492,139,3.79,3.79,0,97,358,0,0,0,0
128063,128063,50699,33.4791143,-112.0381506,139,3.79,3.79,0,97,358,0,0,0,0
128138,128138,50800,33.4791385,-112.0381521,139,3.79,3.79,0,96,358,0,0,0,0
128213,128213,50899,33.4791627,-112.0381535,139,3.79,3.79,0,97,358,0,0,0,0
128288,128288,51000,33.479187,-112.0381549,139,3.79,3.79,0,97,358,0,0,0,0
128363,128363,51100,33.4792112,-112.0381563,139,3.79,3.79,0,97,358,0,0,0,0
128438,128438,51199,33.4792353,-112.0381578,139,3.79,3.79,0,96,358,0,0,0,0
128513,128513,51300,33.4792595,-112.0381592,139,3.79,3.79,0,97,358,0,0,0,0
128588,128588,51399,33.4792837,-112.0381606,139,3.79,3.79,0,96,358,0,0,0,0
128663,128663,51500,33.4793079,-112.038162,139,3.79,3.79,0,97,358,0,0,0,0
128738,128738,51600,33.4793321,-112.0381635,139,3.79,3.79,0,97,358,0,0,0,0
128813,128813,51699,33.4793563,-112.0381649,139,3.79,3.79,0,96,358,0,0,0,0
128888,128888,51800,33.4793805,-112.0381663,139,3.79,3.79,0,96,358,0,0,0,0
128963,128963,51899,33.4794046,-112.0381677,139,3.79,3.79,0,96,358,0,0,0,0
129038,129038,52000,33.4794288,-112.0381691,139,3.79,3.79,0,96,358,0,0,0,0
129113,129113,52100,33.4794529,-112.0381706,139,3.79,3.79,0,96,358,0,0,0,0
129188,129188,52199,33.4794771,-112.038172,139,3.79,3.79,0,96,358,0,0,0,0
129263,129263,52300,33.4795013,-112.038174,139,3.79,3.79,0,97,357,0,0,0,0
129338,129338,52399,33.4795254,-112.0381761,139,3.79,3.79,0,96,356,0,0,0,0
129413,129413,52500,33.4795495,-112.0381782,139,3.79,3.79,0,97,356,0,0,0,0
129488,129488,52600,33.4795736,-112.0381802,139,3.79,3.79,0,96,356,0,0,0,0
129563,129563,52699,33.4795977,-112.0381823,139,3.79,3.79,0,96,356,0,0,0,0
129638,129638,52800,33.4796219,-112.0381843,139,3.79,3.79,0,96,356,0,0,0,0
129713,129713,52899,33.479646,-112.0381864,139,3.79,3.79,0,96,356,0,0,0,0
129788,129788,53000,33.4796701,-112.0381885,139,3.79,3.79,0,96,356,0,0,0,0
129863,129863,53100,33.4796943,-112.0381905,139,3.79,3.79,0,97,356,0,0,0,0
129938,129938,53199,33.4797185,-112.0381926,139,3.79,3.79,0,97,356,0,0,0,0
130013,130013,53300,33.4797426,-112.0381947,139,3.79,3.79,0,96,356,0,0,0,0
130088,130088,53399,33.4797667,-112.0381967,139,3.79,3.79,0,96,356,0,0,0,0
130163,130163,53500,33.4797909,-112.0381988,139,3.79,3.79,0,97,356,0,0,0,0
130238,130238,53600,33.479815,-112.0382011,139,3.79,3.79,0,97,356,0,0,0,0
130313,130313,53699,33.4798389,-112.0382056,139,3.79,3.79,0,96,354,0,0,0,0
130388,130388,53800,33.4798628,-112.0382101,139,3.79,3.79,0,96,352,0,0,0,0
130463,130463,53899,33.4798867,-112.0382145,139,3.79,3.79,0,96,352,0,0,0,0
130538,130538,54000,33.4799106,-112.038219,139,3.79,3.79,0,96,352,0,0,0,0
130613,130613,54100,33.4799345,-112.0382235,139,3.79,3.79,0,96,352,0,0,0,0
130687,130687,54199,33.4799584,-112.038228,139,3.79,3.79,0,96,352,0,0,0,0
130762,130762,54300,33.4799823,-112.0382324,139,3.79,3.79,0,97,352,0,0,0,0
130837,130837,54399,33.4800063,-112.0382369,139,3.79,3.79,0,96,352,0,0,0,0
130912,130912,54500,33.4800302,-112.0382414,139,3.79,3.79,0,97,352,0,0,0,0
130987,130987,54600,33.4800541,-112.0382459,139,3.79,3.79,0,96,352,0,0,0,0
131062,131062,54699,33.4800781,-112.0382503,139,3.79,3.79,0,97,352,0,0,0,0
131137,131137,54800,33.480102,-112.0382548,139,3.79,3.79,0,97,352,0,0,0,0
131212,131212,54899,33.4801259,-112.0382593,139,3.79,3.79,0,96,352,0,0,0,0
131287,131287,55000,33.4801498,-112.0382638,139,3.79,3.79,0,96,352,0,0,0,0
131362,131362,55100,33.4801737,-112.0382683,139,3.79,3.79,0,96,352,0,0,0,0
131437,131437,55199,33.4801977,-112.0382727,139,3.79,3.79,0,96,352,0,0,0,0
131512,131512,55300,33.4802216,-112.0382772,139,3.79,3.79,0,96,352,0,0,0,0
131587,131587,55399,33.4802455,-112.0382817,139,3.79,3.79,0,96,352,0,0,0,0
131662,131662,55500,33.4802694,-112.0382862,139,3.79,3.79,0,96,352,0,0,0,0
131737,131737,55600,33.4802934,-112.0382906,139,3.79,3.79,0,97,352,0,0,0,0
131812,131812,55699,33.4803172,-112.0382951,139,3.79,3.79,0,96,352,0,0,0,0
131887,131887,55800,33.4803412,-112.0382996,139,3.79,3.79,0,97,352,0,0,0,0
131962,131962,55899,33.4803651,-112.0383041,139,3.79,3.79,0,96,352,0,0,0,0
132037,132037,56000,33.4803891,-112.0383085,139,3.79,3.79,0,97,352,0,0,0,0
132112,132112,56100,33.480413,-112.038313,139,3.79,3.79,0,96,352,0,0,0,0
132187,132187,56199,33.4804369,-112.0383175,139,3.79,3.79,0,96,352,0,0,0,0
132262,132262,56300,33.4804608,-112.038322,139,3.79,3.79,0,96,352,0,0,0,0
132337,132337,56399,33.4804847,-112.0383264,139,3.79,3.79,0,96,352,0,0,0,0
132412,132412,56500,33.4805086,-112.0383309,139,3.79,3.79,0,96,352,0,0,0,0
132487,132487,56600,33.4805326,-112.0383354,139,3.79,3.79,0,96,352,0,0,0,0
132562,132562,56699,33.4805562,-112.0383411,139,3.79,3.79,0,96,350,0,0,0,0
132637,132637,56800,33.4805799,-112.0383473,139,3.79,3.79,0,97,348,0,0,0,0
132712,132712,56899,33.4806035,-112.0383534,139,3.79,3.79,0,96,348,0,0,0,0
132787,132787,57000,33.4806272,-112.0383596,139,3.79,3.79,0,97,348,0,0,0,0
132862,132862,57100,33.4806508,-112.0383658,139,3.79,3.79,0,96,348,0,0,0,0
132937,132937,57199,33.4806745,-112.0383719,139,3.79,3.79,0,97,348,0,0,0,0
133012,133012,57300,33.4806981,-112.0383781,139,3.79,3.79,0,96,348,0,0,0,0
133087,133087,57399,33.4807218,-112.0383843,139,3.79,3.79,0,96,348,0,0,0,0
133162,133162,57500,33.4807454,-112.0383904,139,3.79,3.79,0,96,348,0,0,0,0
133237,133237,57600,33.4807691,-112.0383966,139,3.79,3.79,0,97,348,0,0,0,0
133312,133312,57699,33.4807928,-112.0384028,139,3.79,3.79,0,97,348,0,0,0,0
133387,133387,57800,33.4808165,-112.038409,139,3.79,3.79,0,96,348,0,0,0,0
133462,133462,57899,33.4808401,-112.0384155,139,3.79,3.79,0,96,348,0,0,0,0
133537,133537,58000,33.4808636,-112.0384221,139,3.79,3.79,0,96,347,0,0,0,0
133612,133612,58100,33.4808872,-112.0384286,139,3.79,3.79,0,97,347,0,0,0,0
133687,133687,58199,33.4809108,-112.0384352,139,3.79,3.79,0,97,347,0,0,0,0
133762,133762,58300,33.4809344,-112.0384417,139,3.79,3.79,0,96,347,0,0,0,0
133837,133837,58399,33.4809579,-112.0384482,139,3.79,3.79,0,96,347,0,0,0,0
133912,133912,58500,33.4809815,-112.0384548,139,3.79,3.79,0,97,347,0,0,0,0
133987,133987,58600,33.4810051,-112.0384613,139,3.79,3.79,0,96,347,0,0,0,0
134062,134062,58699,33.4810287,-112.0384679,139,3.79,3.79,0,96,347,0,0,0,0
134137,134137,58800,33.4810523,-112.0384744,139,3.79,3.79,0,97,347,0,0,0,0
134212,134212,58899,33.4810759,-112.038481,139,3.79,3.79,0,96,347,0,0,0,0
134287,134287,59000,33.4810995,-112.0384875,139,3.79,3.79,0,97,347,0,0,0,0
134362,134362,59100,33.4811231,-112.0384941,139,3.79,3.79,0,96,347,0,0,0,0
134437,134437,59199,33.4811466,-112.038501,139,3.79,3.79,0,96,347,0,0,0,0
134512,134512,59300,33.48117,-112.0385082,139,3.79,3.79,0,97,346,0,0,0,0
134587,134587,59399,33.4811935,-112.0385154,139,3.79,3.79,0,96,346,0,0,0,0
134662,134662,59500,33.481217,-112.0385226,139,3.79,3.79,0,97,346,0,0,0,0
134737,134737,59600,33.4812404,-112.0385298,139,3.79,3.79,0,96,346,0,0,0,0
134812,134812,59699,33.4812638,-112.038537,139,3.79,3.79,0,96,346,0,0,0,0
134887,134887,59800,33.4812872,-112.0385442,139,3.79,3.79,0,96,346,0,0,0,0
134962,134962,59899,33.4813107,-112.0385514,139,3.79,3.79,0,97,346,0,0,0,0
135037,135037,0,33.4813341,-112.0385586,139,3.79,3.79,0,96,346,0,0,0,0
135112,135112,100,33.4813575,-112.0385658,139,3.79,3.79,0,96,346,0,0,0,0
135187,135187,199,33.481381,-112.038573,139,3.79,3.79,0,97,346,0,0,0,0
135262,135262,300,33.4814044,-112.0385802,139,3.79,3.79,0,96,346,0,0,0,0
135337,135337,399,33.4814279,-112.0385874,139,3.79,3.79,0,96,346,0,0,0,0
135412,135412,500,33.4814512,-112.0385945,139,3.79,3.79,0,96,346,0,0,0,0
135487,135487,600,33.4814746,-112.0386017,139,3.79,3.79,0,96,346,0,0,0,0
135562,135562,699,33.4814981,-112.0386089,139,3.79,3.79,0,96,346,0,0,0,0
135637,135637,800,33.4815215,-112.0386161,139,3.79,3.79,0,96,346,0,0,0,0
135712,135712,899,33.4815449,-112.0386233,139,3.79,3.79,0,96,346,0,0,0,0
135787,135787,1000,33.4815683,-112.0386305,139,3.79,3.79,0,96,346,0,0,0,0
135862,135862,1100,33.4815917,-112.0386377,139,3.79,3.79,0,96,346,0,0,0,0
135937,135937,1199,33.4816152,-112.0386448,139,3.79,3.79,0,96,346,0,0,0,0
136012,136012,1300,33.4816383,-112.0386532,139,3.79,3.79,0,96,345,0,0,0,0
136087,136087,1399,33.4816613,-112.0386621,139,3.79,3.79,0,96,343,0,0,0,0
136162,136162,1500,33.4816844,-112.0386709,139,3.79,3.79,0,96,343,0,0,0,0
136237,136237,1600,33.4817074,-112.0386798,139,3.79,3.79,0,96,343,0,0,0,0
136312,136312,1699,33.4817304,-112.0386886,139,3.79,3.79,0,96,343,0,0,0,0
136387,136387,1800,33.4817534,-112.0386975,139,3.79,3.79,0,96,343,0,0,0,0
136462,136462,1899,33.4817764,-112.0387063,139,3.79,3.79,0,96,343,0,0,0,0
136537,136537,2000,33.4817994,-112.0387152,139,3.79,3.79,0,96,343,0,0,0,0
136612,136612,2100,33.4818225,-112.038724,139,3.79,3.79,0,96,343,0,0,0,0
136687,136687,2199,33.4818455,-112.0387329,139,3.79,3.79,0,97,343,0,0,0,0
136762,136762,2300,33.4818685,-112.0387418,139,3.79,3.79,0,96,343,0,0,0,0
136837,136837,2399,33.4818916,-112.0387507,139,3.79,3.79,0,97,343,0,0,0,0
136912,136912,2500,33.4819147,-112.0387595,139,3.79,3.79,0,97,343,0,0,0,0
136987,136987,2600,33.4819378,-112.0387684,139,3.79,3.79,0,97,343,0,0,0,0
137062,137062,2699,33.4819609,-112.0387773,139,3.79,3.79,0,97,343,0,0,0,0
137137,137137,2800,33.4819839,-112.0387861,139,3.79,3.79,0,96,343,0,0,0,0
137212,137212,2899,33.4820069,-112.038795,139,3.79,3.79,0,96,343,0,0,0,0
137287,137287,3000,33.4820299,-112.0388039,139,3.79,3.79,0,96,343,0,0,0,0
137362,137362,3100,33.482053,-112.0388127,139,3.79,3.79,0,97,343,0,0,0,0
137437,137437,3199,33.482076,-112.0388216,139,3.79,3.79,0,96,343,0,0,0,0
137512,137512,3300,33.482099,-112.0388304,139,3.79,3.79,0,96,343,0,0,0,0
137587,137587,3399,33.482122,-112.0388393,139,3.79,3.79,0,96,343,0,0,0,0
137662,137662,3500,33.4821449,-112.0388486,139,3.79,3.79,0,96,342,0,0,0,0
137737,137737,3600,33.4821675,-112.038859,139,3.79,3.79,0,97,340,0,0,0,0
137812,137812,3699,33.4821901,-112.0388694,139,3.79,3.79,0,96,340,0,0,0,0
137887,137887,3800,33.4822126,-112.0388798,139,3.79,3.79,0,96,340,0,0,0,0
137962,137962,3899,33.4822352,-112.0388902,139,3.79,3.79,0,96,340,0,0,0,0
138037,138037,4000,33.4822578,-112.0389006,139,3.79,3.79,0,96,340,0,0,0,0
138112,138112,4100,33.4822804,-112.0389109,139,3.79,3.79,0,96,340,0,0,0,0
138187,138187,4199,33.482303,-112.0389213,139,3.79,3.79,0,96,340,0,0,0,0
138262,138262,4300,33.4823255,-112.0389317,139,3.79,3.79,0,96,340,0,0,0,0
138337,138337,4399,33.4823481,-112.0389421,139,3.79,3.79,0,97,340,0,0,0,0
138412,138412,4500,33.4823707,-112.0389524,139,3.79,3.79,0,96,340,0,0,0,0
138487,138487,4600,33.4823934,-112.0389628,139,3.79,3.79,0,97,340,0,0,0,0
138562,138562,4699,33.482416,-112.0389733,139,3.79,3.79,0,97,340,0,0,0,0
138637,138637,4800,33.4824386,-112.0389837,139,3.79,3.79,0,97,340,0,0,0,0
138712,138712,4899,33.4824612,-112.038994,139,3.79,3.79,0,96,340,0,0,0,0
138787,138787,5000,33.4824838,-112.0390044,139,3.79,3.79,0,96,340,0,0,0,0
138862,138862,5100,33.4825064,-112.0390148,139,3.79,3.79,0,97,340,0,0,0,0
138937,138937,5199,33.4825291,-112.0390252,139,3.79,3.79,0,97,340,0,0,0,0
139012,139012,5300,33.4825516,-112.0390356,139,3.79,3.79,0,96,340,0,0,0,0
139087,139087,5399,33.4825742,-112.039046,139,3.79,3.79,0,96,340,0,0,0,0
139162,139162,5500,33.4825965,-112.0390572,139,3.79,3.79,0,96,339,0,0,0,0
139237,139237,5600,33.4826188,-112.0390685,139,3.79,3.79,0,96,338,0,0,0,0
139312,139312,5699,33.4826411,-112.0390798,139,3.79,3.79,0,97,338,0,0,0,0
139387,139387,5800,33.4826634,-112.0390912,139,3.79,3.79,0,96,338,0,0,0,0
139462,139462,5899,33.4826857,-112.0391025,139,3.79,3.79,0,96,338,0,0,0,0
139537,139537,6000,33.4827079,-112.0391138,139,3.79,3.79,0,96,338,0,0,0,0
139612,139612,6100,33.4827301,-112.039125,139,3.79,3.79,0,96,338,0,0,0,0
139687,139687,6199,33.4827524,-112.0391363,139,3.79,3.79,0,96,338,0,0,0,0
139762,139762,6300,33.4827746,-112.0391476,139,3.79,3.79,0,96,338,0,0,0,0
139836,139836,6399,33.482797,-112.039159,139,3.79,3.79,0,97,338,0,0,0,0
139911,139911,6500,33.4828193,-112.0391703,139,3.79,3.79,0,97,338,0,0,0,0
139986,139986,6600,33.4828416,-112.0391816,139,3.79,3.79,0,97,338,0,0,0,0
140061,140061,6699,33.4828638,-112.0391929,139,3.79,3.79,0,96,338,0,0,0,0
140136,140136,6800,33.4828859,-112.0392046,139,3.79,3.79,0,96,337,0,0,0,0
140211,140211,6899,33.4829074,-112.039218,139,3.79,3.79,0,97,335,0,0,0,0
140286,140286,7000,33.4829288,-112.0392315,139,3.79,3.79,0,96,333,0,0,0,0
140361,140361,7100,33.4829503,-112.0392449,139,3.79,3.79,0,96,333,0,0,0,0
140436,140436,7199,33.4829717,-112.0392583,139,3.79,3.79,0,96,333,0,0,0,0
140511,140511,7300,33.4829931,-112.0392717,139,3.79,3.79,0,96,333,0,0,0,0
140586,140586,7399,33.4830145,-112.0392851,139,3.79,3.79,0,96,333,0,0,0,0
140661,140661,7500,33.483036,-112.0392985,139,3.79,3.79,0,96,333,0,0,0,0
140736,140736,7600,33.4830575,-112.0393116,139,3.79,3.79,0,96,333,0,0,0,0
140811,140811,7699,33.4830793,-112.0393243,139,3.79,3.79,0,97,334,0,0,0,0
140886,140886,7800,33.4831011,-112.0393371,139,3.79,3.79,0,97,334,0,0,0,0
140961,140961,7899,33.4831228,-112.0393498,139,3.79,3.79,0,96,334,0,0,0,0
141035,141035,8000,33.4831446,-112.0393625,139,3.79,3.79,0,97,334,0,0,0,0
141110,141110,8100,33.4831664,-112.0393752,139,3.79,3.79,0,96,334,0,0,0,0
141185,141185,8199,33.4831881,-112.0393879,139,3.79,3.79,0,96,334,0,0,0,0
141260,141260,8300,33.4832098,-112.0394005,139,3.79,3.79,0,96,334,0,0,0,0
141335,141335,8399,33.4832315,-112.0394132,139,3.79,3.79,0,96,334,0,0,0,0
141410,141410,8500,33.4832533,-112.0394259,139,3.79,3.79,0,96,334,0,0,0,0
141485,141485,8600,33.483275,-112.0394386,139,3.79,3.79,0,96,334,0,0,0,0
141560,141560,8699,33.4832968,-112.0394513,139,3.79,3.79,0,97,334,0,0,0,0
141635,141635,8800,33.4833185,-112.039464,139,3.79,3.79,0,96,334,0,0,0,0
141710,141710,8899,33.4833403,-112.0394768,139,3.79,3.79,0,97,334,0,0,0,0
141785,141785,9000,33.483362,-112.0394895,139,3.79,3.79,0,97,334,0,0,0,0
141860,141860,9100,33.4833838,-112.0395022,139,3.79,3.79,0,97,334,0,0,0,0
141935,141935,9199,33.4834056,-112.0395149,139,3.79,3.79,0,96,334,0,0,0,0
142010,142010,9300,33.4834273,-112.0395276,139,3.79,3.79,0,97,334,0,0,0,0
142085,142085,9399,33.483449,-112.0395403,139,3.79,3.79,0,96,334,0,0,0,0
142160,142160,9500,33.4834708,-112.039553,139,3.79,3.79,0,96,334,0,0,0,0
142235,142235,9600,33.4834925,-112.0395656,139,3.79,3.79,0,96,334,0,0,0,0
142310,142310,9699,33.4835142,-112.0395783,139,3.79,3.79,0,96,334,0,0,0,0
142385,142385,9800,33.4835359,-112.039591,139,3.79,3.79,0,96,334,0,0,0,0
142460,142460,9899,33.4835577,-112.0396037,139,3.79,3.79,0,97,334,0,0,0,0
142535,142535,10000,33.4835794,-112.0396164,139,3.79,3.79,0,97,334,0,0,0,0
142610,142610,10100,33.483601,-112.0396296,139,3.79,3.79,0,96,334,0,0,0,0
142685,142685,10199,33.4836222,-112.0396437,139,3.79,3.79,0,97,332,0,0,0,0
142760,142760,10300,33.4836433,-112.0396577,139,3.79,3.79,0,96,332,0,0,0,0
142835,142835,10399,33.4836645,-112.0396717,139,3.79,3.79,0,96,332,0,0,0,0
142910,142910,10500,33.4836856,-112.0396857,139,3.79,3.79,0,96,332,0,0,0,0
142985,142985,10600,33.4837067,-112.0396997,139,3.79,3.79,0,96,332,0,0,0,0
143060,143060,10699,33.4837279,-112.0397137,139,3.79,3.79,0,97,332,0,0,0,0
143135,143135,10800,33.4837491,-112.0397278,139,3.79,3.79,0,96,332,0,0,0,0
143210,143210,10899,33.4837703,-112.0397418,139,3.79,3.79,0,96,332,0,0,0,0
143285,143285,11000,33.4837914,-112.0397558,139,3.79,3.79,0,96,332,0,0,0,0
143360,143360,11100,33.4838125,-112.0397698,139,3.79,3.79,0,96,332,0,0,0,0
143435,143435,11199,33.4838337,-112.0397839,139,3.79,3.79,0,97,332,0,0,0,0
143510,143510,11300,33.4838549,-112.0397979,139,3.79,3.79,0,96,332,0,0,0,0
143585,143585,11399,33.4838761,-112.0398119,139,3.79,3.79,0,96,332,0,0,0,0
143660,143660,11500,33.4838972,-112.039826,139,3.79,3.79,0,96,332,0,0,0,0
143735,143735,11600,33.4839183,-112.03984,139,3.79,3.79,0,96,332,0,0,0,0
143810,143810,11699,33.4839395,-112.039854,139,3.79,3.79,0,96,332,0,0,0,0
143885,143885,11800,33.4839609,-112.0398675,139,3.79,3.79,0,97,332,0,0,0,0
143959,143959,11899,33.4839823,-112.039881,139,3.79,3.79,0,96,333,0,0,0,0
144034,144034,12000,33.4840036,-112.0398944,139,3.79,3.79,0,96,333,0,0,0,0
144109,144109,12100,33.484025,-112.0399079,139,3.79,3.79,0,96,333,0,0,0,0
144184,144184,12199,33.4840465,-112.0399214,139,3.79,3.79,0,97,333,0,0,0,0
144259,144259,12300,33.4840679,-112.0399349,139,3.79,3.79,0,96,333,0,0,0,0
144334,144334,12399,33.4840892,-112.0399483,139,3.79,3.79,0,96,333,0,0,0,0
144409,144409,12500,33.4841106,-112.0399618,139,3.79,3.79,0,96,333,0,0,0,0
144484,144484,12600,33.484132,-112.0399753,139,3.79,3.79,0,97,333,0,0,0,0
144559,144559,12699,33.4841535,-112.0399888,139,3.79,3.79,0,97,333,0,0,0,0
144634,144634,12800,33.4841749,-112.0400023,139,3.79,3.79,0,96,333,0,0,0,0
144709,144709,12899,33.4841962,-112.0400157,139,3.79,3.79,0,96,333,0,0,0,0
144784,144784,13000,33.4842176,-112.0400292,139,3.79,3.79,0,96,333,0,0,0,0
144859,144859,13100,33.4842389,-112.0400427,139,3.79,3.79,0,96,333,0,0,0,0
144934,144934,13199,33.4842601,-112.0400568,139,3.79,3.79,0,97,332,0,0,0,0
145009,145009,13300,33.4842813,-112.0400708,139,3.79,3.79,0,96,332,0,0,0,0
145083,145083,13399,33.4843024,-112.0400848,139,3.79,3.79,0,96,332,0,0,0,0
145158,145158,13500,33.4843236,-112.0400988,139,3.79,3.79,0,96,332,0,0,0,0
145233,145233,13600,33.4843448,-112.0401129,139,3.79,3.79,0,96,332,0,0,0,0
145308,145308,13699,33.4843659,-112.0401269,139,3.79,3.79,0,96,332,0,0,0,0
145383,145383,13800,33.4843871,-112.0401409,139,3.79,3.79,0,96,332,0,0,0,0
145458,145458,13899,33.4844082,-112.0401549,139,3.79,3.79,0,96,332,0,0,0,0
145533,145533,14000,33.4844294,-112.0401689,139,3.79,3.79,0,97,332,0,0,0,0
145608,145608,14100,33.4844505,-112.0401829,139,3.79,3.79,0,96,332,0,0,0,0
145683,145683,14199,33.4844717,-112.0401969,139,3.79,3.79,0,96,332,0,0,0,0
145758,145758,14300,33.4844929,-112.040211,139,3.79,3.79,0,97,332,0,0,0,0
145833,145833,14399,33.4845142,-112.0402246,139,3.79,3.79,0,96,332,0,0,0,0
145908,145908,14500,33.4845357,-112.0402379,139,3.79,3.79,0,96,333,0,0,0,0
145983,145983,14600,33.4845572,-112.0402512,139,3.79,3.79,0,97,333,0,0,0,0
146058,146058,14699,33.4845787,-112.0402644,139,3.79,3.79,0,96,333,0,0,0,0
146133,146133,14800,33.4846002,-112.0402777,139,3.79,3.79,0,97,333,0,0,0,0
146208,146208,14899,33.4846217,-112.0402909,139,3.79,3.79,0,96,333,0,0,0,0
146283,146283,15000,33.4846432,-112.0403042,139,3.79,3.79,0,96,333,0,0,0,0
146358,146358,15100,33.4846648,-112.0403174,139,3.79,3.79,0,97,333,0,0,0,0
146433,146433,15199,33.4846863,-112.0403307,139,3.79,3.79,0,96,333,0,0,0,0
146508,146508,15300,33.4847077,-112.0403439,139,3.79,3.79,0,96,333,0,0,0,0
146583,146583,15399,33.4847292,-112.0403572,139,3.79,3.79,0,96,333,0,0,0,0
146658,146658,15500,33.4847508,-112.0403704,139,3.79,3.79,0,97,333,0,0,0,0
146733,146733,15600,33.4847723,-112.0403837,139,3.79,3.79,0,96,333,0,0,0,0
146808,146808,15699,33.4847938,-112.040397,139,3.79,3.79,0,97,333,0,0,0,0
146883,146883,15800,33.4848154,-112.0404101,139,3.79,3.79,0,96,333,0,0,0,0
146958,146958,15899,33.484837,-112.0404232,139,3.79,3.79,0,97,334,0,0,0,0
147033,147033,16000,33.4848586,-112.0404363,139,3.79,3.79,0,97,334,0,0,0,0
147108,147108,16100,33.4848802,-112.0404494,139,3.79,3.79,0,97,334,0,0,0,0
147183,147183,16199,33.4849018,-112.0404625,139,3.79,3.79,0,97,334,0,0,0,0
147258,147258,16300,33.4849234,-112.0404757,139,3.79,3.79,0,97,334,0,0,0,0
147333,147333,16399,33.484945,-112.0404888,139,3.79,3.79,0,97,334,0,0,0,0
147408,147408,16500,33.4849666,-112.0405019,139,3.79,3.79,0,96,334,0,0,0,0
147483,147483,16600,33.4849882,-112.040515,139,3.79,3.79,0,96,334,0,0,0,0
147558,147558,16699,33.4850097,-112.040528,139,3.79,3.79,0,96,334,0,0,0,0
147633,147633,16800,33.4850313,-112.0405411,139,3.79,3.79,0,96,334,0,0,0,0
147708,147708,16899,33.4850529,-112.0405542,139,3.79,3.79,0,96,334,0,0,0,0
147783,147783,17000,33.4850746,-112.0405669,139,3.79,3.79,0,96,334,0,0,0,0
147858,147858,17100,33.4850965,-112.040579,139,3.79,3.79,0,96,335,0,0,0,0
147933,147933,17199,33.4851185,-112.0405912,139,3.79,3.79,0,96,336,0,0,0,0
148008,148008,17300,33.4851405,-112.0406033,139,3.79,3.79,0,97,336,0,0,0,0
148083,148083,17399,33.4851625,-112.0406154,139,3.79,3.79,0,97,336,0,0,0,0
148158,148158,17500,33.4851845,-112.0406276,139,3.79,3.79,0,97,336,0,0,0,0
148233,148233,17600,33.4852064,-112.0406397,139,3.79,3.79,0,96,336,0,0,0,0
148308,148308,17699,33.4852284,-112.0406518,139,3.79,3.79,0,96,336,0,0,0,0
148383,148383,17800,33.4852503,-112.0406639,139,3.79,3.79,0,96,336,0,0,0,0
148458,148458,17899,33.4852723,-112.0406761,139,3.79,3.79,0,97,336,0,0,0,0
148533,148533,18000,33.4852943,-112.0406882,139,3.79,3.79,0,96,336,0,0,0,0
148608,148608,18100,33.4853163,-112.0407003,139,3.79,3.79,0,96,336,0,0,0,0
148683,148683,18199,33.4853382,-112.0407124,139,3.79,3.79,0,96,336,0,0,0,0
148758,148758,18300,33.4853602,-112.0407246,139,3.79,3.79,0,97,336,0,0,0,0
148833,148833,18399,33.4853822,-112.0407367,139,3.79,3.79,0,97,336,0,0,0,0
148908,148908,18500,33.4854042,-112.0407488,139,3.79,3.79,0,96,336,0,0,0,0
148983,148983,18600,33.4854262,-112.0407609,139,3.79,3.79,0,96,336,0,0,0,0
149058,149058,18699,33.4854482,-112.0407731,139,3.79,3.79,0,97,336,0,0,0,0
149133,149133,18800,33.48547,-112.0407856,139,3.79,3.79,0,96,335,0,0,0,0
149208,149208,18899,33.4854916,-112.0407985,139,3.79,3.79,0,96,334,0,0,0,0
149283,149283,19000,33.4855134,-112.0408113,139,3.79,3.79,0,97,334,0,0,0,0
149358,149358,19100,33.485535,-112.0408241,139,3.79,3.79,0,96,334,0,0,0,0
149433,149433,19199,33.4855567,-112.040837,139,3.79,3.79,0,96,334,0,0,0,0
149508,149508,19300,33.4855784,-112.0408498,139,3.79,3.79,0,97,334,0,0,0,0
149583,149583,19399,33.4856001,-112.0408627,139,3.79,3.79,0,96,334,0,0,0,0
149657,149657,19500,33.4856218,-112.0408755,139,3.79,3.79,0,96,334,0,0,0,0
149732,149732,19600,33.4856435,-112.0408883,139,3.79,3.79,0,97,334,0,0,0,0
149807,149807,19699,33.4856651,-112.0409012,139,3.79,3.79,0,96,334,0,0,0,0
149882,149882,19800,33.4856868,-112.040914,139,3.79,3.79,0,96,334,0,0,0,0
149957,149957,19899,33.4857085,-112.0409268,139,3.79,3.79,0,96,334,0,0,0,0
150032,150032,20000,33.4857302,-112.0409396,139,3.79,3.79,0,97,334,0,0,0,0
150107,150107,20100,33.4857519,-112.0409525,139,3.79,3.79,0,96,334,0,0,0,0
150182,150182,20199,33.4857736,-112.0409653,139,3.79,3.79,0,96,334,0,0,0,0
150257,150257,20300,33.4857953,-112.0409782,139,3.79,3.79,0,97,334,0,0,0,0
150332,150332,20399,33.485817,-112.040991,139,3.79,3.79,0,96,334,0,0,0,0
150407,150407,20500,33.4858387,-112.0410039,139,3.79,3.79,0,97,334,0,0,0,0
150482,150482,20600,33.4858604,-112.0410167,139,3.79,3.79,0,96,334,0,0,0,0
150557,150557,20699,33.4858821,-112.0410295,139,3.79,3.79,0,96,334,0,0,0,0
150632,150632,20800,33.4859037,-112.0410423,139,3.79,3.79,0,96,334,0,0,0,0
150707,150707,20899,33.4859254,-112.0410552,139,3.79,3.79,0,97,334,0,0,0,0
150782,150782,21000,33.4859471,-112.041068,139,3.79,3.79,0,96,334,0,0,0,0
150857,150857,21100,33.4859688,-112.0410808,139,3.79,3.79,0,96,334,0,0,0,0
150932,150932,21199,33.4859905,-112.0410937,139,3.79,3.79,0,97,334,0,0,0,0
151007,151007,21300,33.4860118,-112.0411061,139,3.79,3.79,0,96,334,0,0,0,0
151082,151082,21399,33.4860331,-112.0411181,139,3.79,3.79,0,96,335,0,0,0,0
151157,151157,21500,33.486055,-112.0411302,139,3.79,3.79,0,96,336,0,0,0,0
151232,151232,21600,33.4860768,-112.0411423,139,3.79,3.79,0,96,336,0,0,0,0
151307,151307,21699,33.4860988,-112.0411545,139,3.79,3.79,0,96,336,0,0,0,0
151382,151382,21800,33.4861207,-112.0411666,139,3.79,3.79,0,96,336,0,0,0,0
151457,151457,21899,33.4861427,-112.0411787,139,3.79,3.79,0,96,336,0,0,0,0
151532,151532,22000,33.4861646,-112.0411908,139,3.79,3.79,0,96,336,0,0,0,0
151607,151607,22100,33.4861865,-112.0412029,139,3.79,3.79,0,96,336,0,0,0,0
151682,151682,22199,33.4862084,-112.0412151,139,3.79,3.79,0,96,336,0,0,0,0
151757,151757,22300,33.4862303,-112.0412272,139,3.79,3.79,0,96,336,0,0,0,0
151832,151832,22399,33.4862522,-112.0412393,139,3.79,3.79,0,97,336,0,0,0,0
151907,151907,22500,33.4862742,-112.0412514,139,3.79,3.79,0,96,336,0,0,0,0
151982,151982,22600,33.4862961,-112.0412635,139,3.79,3.79,0,96,336,0,0,0,0
152057,152057,22699,33.486318,-112.0412756,139,3.79,3.79,0,97,336,0,0,0,0
152132,152132,22800,33.4863399,-112.0412878,139,3.79,3.79,0,96,336,0,0,0,0
152207,152207,22899,33.4863619,-112.0412999,139,3.79,3.79,0,96,336,0,0,0,0
152282,152282,23000,33.4863838,-112.041312,139,3.79,3.79,0,96,336,0,0,0,0
152357,152357,23100,33.4864057,-112.0413241,139,3.79,3.79,0,96,336,0,0,0,0
152432,152432,23199,33.4864277,-112.0413362,139,3.79,3.79,0,97,336,0,0,0,0
152506,152506,23300,33.4864496,-112.0413484,139,3.79,3.79,0,97,336,0,0,0,0
152581,152581,23399,33.4864715,-112.0413605,139,3.79,3.79,0,96,336,0,0,0,0
152656,152656,23500,33.4864934,-112.0413726,139,3.79,3.79,0,96,336,0,0,0,0
152731,152731,23600,33.4865153,-112.0413847,139,3.79,3.79,0,96,336,0,0,0,0
152806,152806,23699,33.4865372,-112.0413968,139,3.79,3.79,0,96,336,0,0,0,0
152881,152881,23800,33.4865592,-112.0414089,139,3.79,3.79,0,97,336,0,0,0,0
152956,152956,23899,33.4865811,-112.0414211,139,3.79,3.79,0,96,336,0,0,0,0
153031,153031,24000,33.486603,-112.0414332,139,3.79,3.79,0,96,336,0,0,0,0
153106,153106,24100,33.486625,-112.0414453,139,3.79,3.79,0,97,336,0,0,0,0
153181,153181,24199,33.486647,-112.0414575,139,3.79,3.79,0,97,336,0,0,0,0
153256,153256,24300,33.4866689,-112.0414696,139,3.79,3.79,0,97,336,0,0,0,0
153331,153331,24399,33.4866909,-112.0414817,139,3.79,3.79,0,97,336,0,0,0,0
153406,153406,24500,33.4867128,-112.0414938,139,3.79,3.79,0,96,336,0,0,0,0
153481,153481,24600,33.4867348,-112.041506,139,3.79,3.79,0,97,336,0,0,0,0
153556,153556,24699,33.4867567,-112.0415181,139,3.79,3.79,0,96,336,0,0,0,0
153631,153631,24800,33.4867786,-112.0415302,139,3.79,3.79,0,97,336,0,0,0,0
153706,153706,24899,33.4868005,-112.0415423,139,3.79,3.79,0,96,336,0,0,0,0
153781,153781,25000,33.4868225,-112.0415544,139,3.79,3.79,0,96,336,0,0,0,0
153856,153856,25100,33.4868444,-112.0415666,139,3.79,3.79,0,96,336,0,0,0,0
153930,153930,25199,33.4868664,-112.0415787,139,3.79,3.79,0,97,336,0,0,0,0
154005,154005,25300,33.4868883,-112.0415908,139,3.79,3.79,0,96,336,0,0,0,0
154080,154080,25399,33.4869103,-112.041603,139,3.79,3.79,0,97,336,0,0,0,0
154155,154155,25500,33.4869323,-112.0416151,139,3.79,3.79,0,97,336,0,0,0,0
154230,154230,25600,33.4869542,-112.0416273,139,3.79,3.79,0,97,336,0,0,0,0
154305,154305,25699,33.4869762,-112.0416394,139,3.79,3.79,0,97,336,0,0,0,0
154380,154380,25800,33.4869981,-112.0416515,139,3.79,3.79,0,96,336,0,0,0,0
154455,154455,25899,33.48702,-112.0416636,139,3.79,3.79,0,96,336,0,0,0,0
154530,154530,26000,33.4870419,-112.0416757,139,3.79,3.79,0,96,336,0,0,0,0
154605,154605,26100,33.4870639,-112.0416879,139,3.79,3.79,0,97,336,0,0,0,0
154680,154680,26199,33.4870858,-112.0417,139,3.79,3.79,0,96,336,0,0,0,0
154755,154755,26300,33.4871077,-112.0417121,139,3.79,3.79,0,96,336,0,0,0,0
154830,154830,26399,33.4871295,-112.0417242,139,3.79,3.79,0,96,336,0,0,0,0
154905,154905,26500,33.4871515,-112.0417363,139,3.79,3.79,0,96,336,0,0,0,0
154980,154980,26600,33.4871734,-112.0417484,139,3.79,3.79,0,96,336,0,0,0,0
155055,155055,26699,33.4871953,-112.0417605,139,3.79,3.79,0,97,336,0,0,0,0
155130,155130,26800,33.4872173,-112.0417727,139,3.79,3.79,0,96,336,0,0,0,0
155205,155205,26899,33.4872392,-112.0417848,139,3.79,3.79,0,97,336,0,0,0,0
155280,155280,27000,33.4872611,-112.0417969,139,3.79,3.79,0,96,336,0,0,0,0
155355,155355,27100,33.4872831,-112.041809,139,3.79,3.79,0,96,336,0,0,0,0
155430,155430,27199,33.4873049,-112.0418211,139,3.79,3.79,0,96,336,0,0,0,0
155505,155505,27300,33.4873269,-112.0418333,139,3.79,3.79,0,97,336,0,0,0,0
155580,155580,27399,33.4873489,-112.0418454,139,3.79,3.79,0,97,336,0,0,0,0
155655,155655,27500,33.4873708,-112.0418575,139,3.79,3.79,0,97,336,0,0,0,0
155730,155730,27600,33.4873927,-112.0418696,139,3.79,3.79,0,96,336,0,0,0,0
155805,155805,27699,33.4874147,-112.0418816,139,3.79,3.79,0,96,336,0,0,0,0
155880,155880,27800,33.4874367,-112.0418937,139,3.79,3.79,0,97,336,0,0,0,0
155955,155955,27899,33.4874587,-112.0419058,139,3.79,3.79,0,96,336,0,0,0,0
156030,156030,28000,33.4874806,-112.0419178,139,3.79,3.79,0,96,336,0,0,0,0
156105,156105,28100,33.4875025,-112.0419298,139,3.79,3.79,0,96,336,0,0,0,0
156179,156179,28199,33.4875245,-112.0419419,139,3.79,3.79,0,96,336,0,0,0,0
156254,156254,28300,33.4875464,-112.0419539,139,3.79,3.79,0,96,336,0,0,0,0
156329,156329,28399,33.4875683,-112.041966,139,3.79,3.79,0,96,336,0,0,0,0
156404,156404,28500,33.4875903,-112.041978,139,3.79,3.79,0,96,336,0,0,0,0
156479,156479,28600,33.4876123,-112.0419901,139,3.79,3.79,0,97,336,0,0,0,0
156554,156554,28699,33.4876342,-112.0420021,139,3.79,3.79,0,96,336,0,0,0,0
156629,156629,28800,33.4876562,-112.0420142,139,3.79,3.79,0,96,336,0,0,0,0
156704,156704,28899,33.4876781,-112.0420263,139,3.79,3.79,0,97,336,0,0,0,0
156779,156779,29000,33.4877001,-112.0420383,139,3.79,3.79,0,96,336,0,0,0,0
156854,156854,29100,33.487722,-112.0420503,139,3.79,3.79,0,96,336,0,0,0,0
156929,156929,29199,33.4877439,-112.0420624,139,3.79,3.79,0,96,336,0,0,0,0
157004,157004,29300,33.4877659,-112.0420744,139,3.79,3.79,0,96,336,0,0,0,0
157079,157079,29399,33.4877878,-112.0420865,139,3.79,3.79,0,96,336,0,0,0,0
157154,157154,29500,33.4878097,-112.0420986,139,3.79,3.79,0,96,336,0,0,0,0
157229,157229,29600,33.4878316,-112.0421108,139,3.79,3.79,0,97,336,0,0,0,0
157304,157304,29699,33.4878535,-112.042123,139,3.79,3.79,0,96,336,0,0,0,0
157379,157379,29800,33.4878754,-112.0421352,139,3.79,3.79,0,96,336,0,0,0,0
157454,157454,29899,33.4878973,-112.0421474,139,3.79,3.79,0,96,336,0,0,0,0
157529,157529,30000,33.4879192,-112.0421596,139,3.79,3.79,0,97,336,0,0,0,0
157604,157604,30100,33.4879411,-112.0421719,139,3.79,3.79,0,97,336,0,0,0,0
157679,157679,30199,33.487963,-112.042184,139,3.79,3.79,0,96,336,0,0,0,0
157754,157754,30300,33.4879849,-112.0421963,139,3.79,3.79,0,97,336,0,0,0,0
157829,157829,30399,33.4880068,-112.0422085,139,3.79,3.79,0,96,336,0,0,0,0
157904,157904,30500,33.4880287,-112.0422207,139,3.79,3.79,0,96,336,0,0,0,0
157979,157979,30600,33.4880506,-112.0422329,139,3.79,3.79,0,96,336,0,0,0,0
158054,158054,30699,33.4880724,-112.0422451,139,3.79,3.79,0,96,336,0,0,0,0
158129,158129,30800,33.4880944,-112.0422573,139,3.79,3.79,0,97,336,0,0,0,0
158204,158204,30899,33.4881162,-112.0422695,139,3.79,3.79,0,96,336,0,0,0,0
158279,158279,31000,33.4881381,-112.0422817,139,3.79,3.79,0,97,336,0,0,0,0
158354,158354,31100,33.4881601,-112.0422939,139,3.79,3.79,0,97,336,0,0,0,0
158429,158429,31199,33.4881819,-112.0423061,139,3.79,3.79,0,96,336,0,0,0,0
158504,158504,31300,33.4882038,-112.0423183,139,3.79,3.79,0,96,336,0,0,0,0
158579,158579,31399,33.4882257,-112.0423305,139,3.79,3.79,0,97,336,0,0,0,0
158654,158654,31500,33.4882476,-112.0423427,139,3.79,3.79,0,96,336,0,0,0,0
158729,158729,31600,33.4882695,-112.0423549,139,3.79,3.79,0,96,336,0,0,0,0
158804,158804,31699,33.4882914,-112.0423671,139,3.79,3.79,0,96,336,0,0,0,0
158879,158879,31800,33.4883132,-112.0423793,139,3.79,3.79,0,96,336,0,0,0,0
158954,158954,31899,33.4883351,-112.0423915,139,3.79,3.79,0,96,336,0,0,0,0
159029,159029,32000,33.488357,-112.0424037,139,3.79,3.79,0,97,336,0,0,0,0
159104,159104,32100,33.4883789,-112.042416,139,3.79,3.79,0,97,336,0,0,0,0
159179,159179,32200,33.4884009,-112.0424282,139,3.79,3.79,0,97,336,0,0,0,0
159254,159254,32299,33.4884228,-112.0424404,139,3.79,3.79,0,96,336,0,0,0,0
159329,159329,32399,33.4884447,-112.0424526,139,3.79,3.79,0,96,336,0,0,0,0
159404,159404,32500,33.4884666,-112.0424648,139,3.79,3.79,0,96,336,0,0,0,0
159479,159479,32600,33.4884885,-112.042477,139,3.79,3.79,0,97,336,0,0,0,0
159554,159554,32700,33.4885104,-112.0424893,139,3.79,3.79,0,97,336,0,0,0,0
159629,159629,32799,33.4885323,-112.0425015,139,3.79,3.79,0,97,336,0,0,0,0
159704,159704,32899,33.4885543,-112.0425137,139,3.79,3.79,0,97,336,0,0,0,0
159779,159779,33000,33.4885761,-112.0425259,139,3.79,3.79,0,96,336,0,0,0,0
159854,159854,33100,33.488598,-112.0425381,139,3.79,3.79,0,96,336,0,0,0,0
159929,159929,33200,33.4886198,-112.0425503,139,3.79,3.79,0,96,336,0,0,0,0
160004,160004,33299,33.4886417,-112.0425625,139,3.79,3.79,0,96,336,0,0,0,0
160079,160079,33399,33.4886636,-112.0425747,139,3.79,3.79,0,97,336,0,0,0,0
160154,160154,33500,33.4886856,-112.0425866,139,3.79,3.79,0,96,336,0,0,0,0
160229,160229,33600,33.4887076,-112.0425984,139,3.79,3.79,0,96,336,0,0,0,0
160304,160304,33700,33.4887297,-112.0426103,139,3.79,3.79,0,97,336,0,0,0,0
160379,160379,33799,33.4887518,-112.0426221,139,3.79,3.79,0,97,336,0,0,0,0
160454,160454,33899,33.4887738,-112.042634,139,3.79,3.79,0,97,336,0,0,0,0
160529,160529,34000,33.4887959,-112.0426458,139,3.79,3.79,0,96,336,0,0,0,0
160604,160604,34100,33.4888179,-112.0426576,139,3.79,3.79,0,96,336,0,0,0,0
160679,160679,34200,33.4888399,-112.0426695,139,3.79,3.79,0,96,336,0,0,0,0
160754,160754,34299,33.4888619,-112.0426813,139,3.79,3.79,0,96,336,0,0,0,0
160829,160829,34399,33.488884,-112.0426931,139,3.79,3.79,0,97,336,0,0,0,0
160904,160904,34500,33.488906,-112.042705,139,3.79,3.79,0,97,336,0,0,0,0
160979,160979,34600,33.488928,-112.0427168,139,3.79,3.79,0,96,336,0,0,0,0
161054,161054,34700,33.4889501,-112.0427286,139,3.79,3.79,0,96,336,0,0,0,0
161129,161129,34799,33.4889721,-112.0427405,139,3.79,3.79,0,96,336,0,0,0,0
161204,161204,34899,33.4889941,-112.0427523,139,3.79,3.79,0,96,336,0,0,0,0
161279,161279,35000,33.4890162,-112.0427641,139,3.79,3.79,0,97,336,0,0,0,0
161354,161354,35100,33.4890382,-112.042776,139,3.79,3.79,0,97,336,0,0,0,0
161429,161429,35200,33.4890603,-112.0427878,139,3.79,3.79,0,97,336,0,0,0,0
161504,161504,35299,33.4890824,-112.0427997,139,3.79,3.79,0,96,336,0,0,0,0
161579,161579,35399,33.4891044,-112.0428115,139,3.79,3.79,0,97,336,0,0,0,0
161654,161654,35500,33.4891264,-112.0428234,139,3.79,3.79,0,96,336,0,0,0,0
161729,161729,35600,33.4891484,-112.0428352,139,3.79,3.79,0,96,336,0,0,0,0
161803,161803,35700,33.4891705,-112.042847,139,3.79,3.79,0,97,336,0,0,0,0
161878,161878,35799,33.4891925,-112.0428589,139,3.79,3.79,0,96,336,0,0,0,0
161953,161953,35899,33.4892145,-112.0428707,139,3.79,3.79,0,96,336,0,0,0,0
162028,162028,36000,33.4892365,-112.0428825,139,3.79,3.79,0,96,336,0,0,0,0